transaction_id,timestamp,amount,type,payer_vpa,status,merchant_vpa
TXNA126B99CD179,2025-12-31T09:29:00,143.16,credit,user213@okhdfc,success,quickmart247@oksbi
TXN5B379AEE4490,2025-12-31T11:26:00,97.88,credit,payer346@paytm,success,quickmart247@oksbi
TXN44751BC91597,2025-12-31T17:17:00,107.53,credit,payer129@paytm,success,quickmart247@oksbi
TXN145C8196D257,2025-12-31T18:21:00,73.35,credit,cust140@ybl,success,quickmart247@oksbi
TXNBD7B37AD114D,2025-12-31T20:42:00,123.18,credit,user242@okhdfc,success,quickmart247@oksbi
TXN8FBEB926FF81,2026-01-01T17:36:00,95.74,credit,user30@okhdfc,success,quickmart247@oksbi
TXNB439F314B2A3,2026-01-01T20:42:00,110.59,credit,payer21@paytm,success,quickmart247@oksbi
TXN320AA0F9F576,2026-01-02T08:37:00,63.73,credit,payer318@paytm,success,quickmart247@oksbi
TXN1D310783F3D3,2026-01-02T09:22:00,82.34,credit,cust107@ybl,success,quickmart247@oksbi
TXNCBACB6E27EB9,2026-01-02T10:47:00,107.99,credit,payer209@paytm,success,quickmart247@oksbi
TXN6EB40D581F5A,2026-01-02T11:23:00,151.78,credit,user240@okhdfc,success,quickmart247@oksbi
TXNCCCA66F4347A,2026-01-02T12:58:00,63.52,credit,cust272@ybl,success,quickmart247@oksbi
TXN472B5F1E513A,2026-01-02T13:31:00,82.71,credit,cust216@ybl,success,quickmart247@oksbi
TXN806F1BD2CC4C,2026-01-02T15:37:00,80.37,credit,cust188@ybl,success,quickmart247@oksbi
TXN58E7CF96213B,2026-01-02T16:00:00,788.61,debit,landlord@ybl,success,quickmart247@oksbi
TXN959CDFDF8E36,2026-01-02T21:51:00,86.82,credit,cust131@ybl,success,quickmart247@oksbi
TXN3F1447CB8661,2026-01-03T17:01:00,69.52,credit,cust2@ybl,success,quickmart247@oksbi
TXN05A1958BEF9D,2026-01-03T17:54:00,121.39,credit,payer216@paytm,success,quickmart247@oksbi
TXN91040852E3C4,2026-01-05T13:02:00,136.41,credit,cust2@ybl,success,quickmart247@oksbi
TXN902574E639A1,2026-01-05T13:05:00,90.26,credit,cust245@ybl,success,quickmart247@oksbi
TXND6391D973380,2026-01-05T13:46:00,84.03,credit,user213@okhdfc,success,quickmart247@oksbi
TXN97358901051E,2026-01-05T15:16:00,91.28,credit,cust301@ybl,success,quickmart247@oksbi
TXN2F48E7CEEAA6,2026-01-05T17:09:00,47.99,credit,user217@okhdfc,success,quickmart247@oksbi
TXN8C65FDEA81E1,2026-01-05T19:22:00,110.33,credit,user271@okhdfc,success,quickmart247@oksbi
TXN3A09730AD66C,2026-01-06T08:07:00,99.8,credit,user117@okhdfc,success,quickmart247@oksbi
TXN0C94CC0A7570,2026-01-06T12:39:00,108.5,credit,cust346@ybl,success,quickmart247@oksbi
TXN63788D6FC78A,2026-01-06T13:00:00,1060.37,debit,landlord@ybl,success,quickmart247@oksbi
TXNA3B12B686D8C,2026-01-06T14:14:00,86.07,credit,cust307@ybl,success,quickmart247@oksbi
TXNBF4BB119070B,2026-01-06T14:21:00,69.96,credit,user225@okhdfc,success,quickmart247@oksbi
TXN2693E83FC49B,2026-01-06T19:18:00,143.0,credit,user102@okhdfc,success,quickmart247@oksbi
TXNE496A83EADE6,2026-01-06T19:49:00,134.9,credit,user295@okhdfc,success,quickmart247@oksbi
TXNAFD42B107E84,2026-01-06T20:57:00,108.54,credit,payer174@paytm,success,quickmart247@oksbi
TXN49D0F9265D61,2026-01-07T09:35:00,129.34,credit,user242@okhdfc,success,quickmart247@oksbi
TXN0B7B73645233,2026-01-07T11:13:00,20,credit,user388@okhdfc,success,quickmart247@oksbi
TXN245722505CFD,2026-01-07T11:23:00,86.25,credit,user311@okhdfc,success,quickmart247@oksbi
TXNC04AB22C5E2A,2026-01-07T12:59:00,136.05,credit,payer318@paytm,success,quickmart247@oksbi
TXN63E7DC08C71C,2026-01-07T20:45:00,97.28,credit,cust73@ybl,success,quickmart247@oksbi
TXN0C638E23A2A8,2026-01-08T20:24:00,102.2,credit,user335@okhdfc,success,quickmart247@oksbi
TXN1E52A2612991,2026-01-09T08:09:00,152.11,credit,cust245@ybl,success,quickmart247@oksbi
TXN48FF5DA0858E,2026-01-09T16:07:00,111.22,credit,payer291@paytm,success,quickmart247@oksbi
TXN4657815CD939,2026-01-09T16:15:00,100.75,credit,cust307@ybl,success,quickmart247@oksbi
TXNC7DC450A3EA3,2026-01-09T16:59:00,102.56,credit,cust55@ybl,success,quickmart247@oksbi
TXN0A6C5287A42C,2026-01-10T09:38:00,72.59,credit,user225@okhdfc,success,quickmart247@oksbi
TXNA85BEF87C6D7,2026-01-10T13:27:00,109.2,credit,user248@okhdfc,success,quickmart247@oksbi
TXN74574DAEEFB1,2026-01-10T20:53:00,20.54,credit,user233@okhdfc,success,quickmart247@oksbi
TXN0E794851C433,2026-01-11T08:38:00,70.5,credit,payer209@paytm,success,quickmart247@oksbi
TXN27638AD96AB8,2026-01-11T10:03:00,144.16,credit,cust272@ybl,success,quickmart247@oksbi
TXN5A0DE1DE9E15,2026-01-11T14:15:00,148.82,credit,cust11@ybl,success,quickmart247@oksbi
TXNF36CBBB8AB99,2026-01-11T18:10:00,123.17,credit,cust214@ybl,success,quickmart247@oksbi
TXN24CFBCD766A6,2026-01-12T10:33:00,62.84,credit,cust272@ybl,success,quickmart247@oksbi
TXN2C9E6A8F2C2B,2026-01-12T13:15:00,36.78,credit,cust272@ybl,success,quickmart247@oksbi
TXN49E87CF7FD79,2026-01-12T21:45:00,93.84,credit,cust362@ybl,success,quickmart247@oksbi
TXN9ACCA7DD103A,2026-01-13T13:52:00,20,credit,payer329@paytm,success,quickmart247@oksbi
TXN06BE146743FF,2026-01-13T16:22:00,117.24,credit,payer74@paytm,success,quickmart247@oksbi
TXNB56C93EDB10F,2026-01-13T17:45:00,57.41,credit,cust55@ybl,success,quickmart247@oksbi
TXN3D4BE8E80A70,2026-01-13T18:03:00,121.62,credit,payer54@paytm,success,quickmart247@oksbi
TXNAFE44E13E31C,2026-01-14T08:28:00,63.22,credit,payer111@paytm,success,quickmart247@oksbi
TXN9E3B7D3C35D4,2026-01-14T11:43:00,114.13,credit,cust307@ybl,success,quickmart247@oksbi
TXNC701F7BAD872,2026-01-14T12:35:00,77.1,credit,payer74@paytm,success,quickmart247@oksbi
TXNF959215ED16E,2026-01-14T13:00:00,647.71,debit,landlord@ybl,success,quickmart247@oksbi
TXNAFE6F4870568,2026-01-14T15:21:00,59.08,credit,user240@okhdfc,success,quickmart247@oksbi
TXN528FA0E0E644,2026-01-14T19:57:00,90.34,credit,user335@okhdfc,success,quickmart247@oksbi
TXN406B9C46631E,2026-01-15T09:46:00,114.07,credit,user102@okhdfc,success,quickmart247@oksbi
TXN490A31E75FE7,2026-01-15T10:38:00,90.71,credit,payer168@paytm,success,quickmart247@oksbi
TXN93FCC437E825,2026-01-15T11:36:00,40.84,credit,cust11@ybl,success,quickmart247@oksbi
TXNB8A6F0C821FD,2026-01-15T16:48:00,137.95,credit,user233@okhdfc,success,quickmart247@oksbi
TXNDD6614B25CAC,2026-01-16T14:13:00,102.92,credit,payer209@paytm,success,quickmart247@oksbi
TXN3603F1CBFA5C,2026-01-16T20:38:00,78.56,credit,cust336@ybl,success,quickmart247@oksbi
TXN6A1C76B5BAA4,2026-01-17T10:10:00,70.02,credit,payer269@paytm,success,quickmart247@oksbi
TXN36D1D7EB0822,2026-01-17T13:35:00,41.51,credit,cust390@ybl,success,quickmart247@oksbi
TXNFBC16EA8230E,2026-01-17T14:10:00,106.67,credit,cust390@ybl,success,quickmart247@oksbi
TXNA028ED6D57F9,2026-01-17T17:11:00,50.18,credit,user30@okhdfc,success,quickmart247@oksbi
TXNBCAAA97B4588,2026-01-18T09:37:00,122.5,credit,cust131@ybl,success,quickmart247@oksbi
TXND77CF65A527C,2026-01-18T09:48:00,24.85,credit,cust39@ybl,success,quickmart247@oksbi
TXN25A760402F63,2026-01-18T13:54:00,76.36,credit,cust39@ybl,success,quickmart247@oksbi
TXNAFF7E61868ED,2026-01-18T15:46:00,88.86,credit,user295@okhdfc,failed,quickmart247@oksbi
TXN87D31B009327,2026-01-18T17:22:00,127.5,credit,cust390@ybl,success,quickmart247@oksbi
TXN2DF5E2AE2B71,2026-01-18T20:28:00,60.92,credit,payer129@paytm,success,quickmart247@oksbi
TXN23F06FCD4908,2026-01-18T20:32:00,20,credit,cust390@ybl,success,quickmart247@oksbi
TXN18767DF7646F,2026-01-18T21:11:00,95.19,credit,user240@okhdfc,success,quickmart247@oksbi
TXN962A0BE55679,2026-01-19T09:23:00,84.04,credit,payer56@paytm,success,quickmart247@oksbi
TXNCCBA1CBBA256,2026-01-19T10:55:00,121.17,credit,user248@okhdfc,success,quickmart247@oksbi
TXN77010AD127D9,2026-01-19T15:38:00,108.44,credit,cust214@ybl,success,quickmart247@oksbi
TXNFDD5A50A5870,2026-01-20T08:50:00,144.21,credit,payer209@paytm,success,quickmart247@oksbi
TXN114D28F5FE12,2026-01-20T12:24:00,89.95,credit,cust140@ybl,success,quickmart247@oksbi
TXNF47D07E8C1C9,2026-01-20T15:00:00,584.48,debit,landlord@ybl,success,quickmart247@oksbi
TXN4DD4D74E7F3E,2026-01-20T21:00:00,106.26,credit,user185@okhdfc,success,quickmart247@oksbi
TXND3518C2673A6,2026-01-20T21:11:00,28.95,credit,cust73@ybl,success,quickmart247@oksbi
TXNC7ADEDD23DFB,2026-01-21T10:21:00,150.65,credit,cust88@ybl,success,quickmart247@oksbi
TXN3848DBF9E949,2026-01-21T18:40:00,56.54,credit,user240@okhdfc,success,quickmart247@oksbi
TXN20BE339DC5A3,2026-01-21T21:08:00,81.88,credit,cust131@ybl,success,quickmart247@oksbi
TXN8846479BA56E,2026-01-21T21:43:00,69.9,credit,cust244@ybl,success,quickmart247@oksbi
TXN534914D4DDBC,2026-01-22T10:43:00,133.74,credit,user335@okhdfc,success,quickmart247@oksbi
TXND65AEAE8434F,2026-01-22T16:29:00,139.81,credit,payer196@paytm,success,quickmart247@oksbi
TXN450E26B1E915,2026-01-22T20:51:00,118.38,credit,payer209@paytm,success,quickmart247@oksbi
TXN6702463BD7A9,2026-01-23T09:08:00,45.77,credit,cust130@ybl,success,quickmart247@oksbi
TXND181162BAA5F,2026-01-23T10:08:00,56.89,credit,payer259@paytm,success,quickmart247@oksbi
TXNF21519AD172C,2026-01-23T11:21:00,87.11,credit,payer318@paytm,success,quickmart247@oksbi
TXNF5C2554E45A4,2026-01-23T13:14:00,47.87,credit,cust107@ybl,success,quickmart247@oksbi
TXN8BE17E3C8C59,2026-01-23T18:19:00,103.91,credit,cust281@ybl,success,quickmart247@oksbi
TXNAC51818BB8CC,2026-01-23T18:39:00,38.48,credit,cust55@ybl,success,quickmart247@oksbi
TXN989D986D7D1D,2026-01-24T13:39:00,152.79,credit,payer346@paytm,success,quickmart247@oksbi
TXN755411E8A6E4,2026-01-24T14:15:00,155.04,credit,payer107@paytm,success,quickmart247@oksbi
TXNF8FD7E3ABA86,2026-01-24T16:39:00,125.52,credit,cust55@ybl,success,quickmart247@oksbi
TXN8D5CD3799910,2026-01-24T18:48:00,88.94,credit,user3@okhdfc,success,quickmart247@oksbi
TXN4DA1EB815DE7,2026-01-24T21:06:00,92.46,credit,user335@okhdfc,success,quickmart247@oksbi
TXNB1314C2F9283,2026-01-25T09:38:00,78.22,credit,payer209@paytm,success,quickmart247@oksbi
TXN3E73833C5B02,2026-01-25T10:05:00,54.28,credit,cust390@ybl,failed,quickmart247@oksbi
TXN9E1FABBC2489,2026-01-25T14:20:00,46.22,credit,cust362@ybl,success,quickmart247@oksbi
TXN2B30E6936C73,2026-01-25T16:28:00,86.23,credit,user240@okhdfc,success,quickmart247@oksbi
TXN7E1DFC6E2BE8,2026-01-25T18:32:00,134.52,credit,cust2@ybl,success,quickmart247@oksbi
TXN4D2174C09B70,2026-01-25T21:28:00,119.31,credit,payer209@paytm,success,quickmart247@oksbi
TXN110C3D9F0534,2026-01-26T12:38:00,49.97,credit,payer209@paytm,failed,quickmart247@oksbi
TXNC69ED2528B9E,2026-01-26T14:37:00,27.58,credit,user388@okhdfc,success,quickmart247@oksbi
TXNA73F5DEDD12B,2026-01-26T14:37:00,77.86,credit,cust336@ybl,success,quickmart247@oksbi
TXN1336F9ACE931,2026-01-26T14:38:00,92.87,credit,payer111@paytm,success,quickmart247@oksbi
TXN7F9035780D34,2026-01-26T14:42:00,82.37,credit,payer264@paytm,success,quickmart247@oksbi
TXNAD822322997E,2026-01-26T17:53:00,71.95,credit,payer74@paytm,success,quickmart247@oksbi
TXN62107E9F5DD9,2026-01-26T21:06:00,134.21,credit,payer209@paytm,success,quickmart247@oksbi
TXN07E99D5ACCC6,2026-01-26T21:38:00,105.37,credit,payer269@paytm,success,quickmart247@oksbi
TXN6408BFE1B95E,2026-01-27T08:00:00,106.07,credit,payer259@paytm,success,quickmart247@oksbi
TXN0B77FB92D104,2026-01-27T11:45:00,199.61,credit,user295@okhdfc,success,quickmart247@oksbi
TXNF70F02A373C1,2026-01-27T18:08:00,123.11,credit,user217@okhdfc,failed,quickmart247@oksbi
TXNF9EFB8F796D3,2026-01-27T18:27:00,20,credit,payer129@paytm,success,quickmart247@oksbi
TXN968C5D614BB6,2026-01-27T19:49:00,83.92,credit,payer318@paytm,success,quickmart247@oksbi
TXN24D72F2BBA5D,2026-01-27T21:32:00,59.35,credit,cust107@ybl,success,quickmart247@oksbi
TXN35FF38584DA9,2026-01-28T11:12:00,148.94,credit,cust130@ybl,success,quickmart247@oksbi
TXN95FDD4E42955,2026-01-28T18:44:00,40.9,credit,cust307@ybl,success,quickmart247@oksbi
TXN27CE69B872BE,2026-01-28T19:14:00,85.09,credit,payer107@paytm,success,quickmart247@oksbi
TXNA04907961BAB,2026-01-28T19:33:00,65.57,credit,user128@okhdfc,success,quickmart247@oksbi
TXN7A659FB2264B,2026-01-29T20:48:00,129.04,credit,user240@okhdfc,success,quickmart247@oksbi
TXNBDFE82E597CD,2026-01-30T16:09:00,95.26,credit,payer333@paytm,success,quickmart247@oksbi
TXNBC955ABEA2F7,2026-01-30T16:18:00,99.96,credit,cust390@ybl,success,quickmart247@oksbi
TXN90E30832578D,2026-01-30T16:31:00,67.27,credit,user248@okhdfc,success,quickmart247@oksbi
TXN635EB4664C33,2026-01-30T16:49:00,70.25,credit,payer318@paytm,success,quickmart247@oksbi
TXNAC431BD319B9,2026-01-30T21:32:00,103.2,credit,cust281@ybl,success,quickmart247@oksbi
TXN245F73719F9C,2026-01-31T11:54:00,105.96,credit,payer54@paytm,success,quickmart247@oksbi
TXNF132A0CDCE1E,2026-01-31T15:43:00,41.61,credit,user295@okhdfc,success,quickmart247@oksbi
TXNE8DDDD2E5861,2026-01-31T18:11:00,150.8,credit,cust298@ybl,success,quickmart247@oksbi
TXN677486D3909C,2026-01-31T18:55:00,69.51,credit,payer111@paytm,success,quickmart247@oksbi
TXNF14ACA9D2251,2026-01-31T20:06:00,95.69,credit,payer346@paytm,success,quickmart247@oksbi
TXNFC629C2BE462,2026-01-31T20:48:00,55.9,credit,payer346@paytm,success,quickmart247@oksbi
TXN0DF96E784BDD,2026-01-31T21:21:00,166.11,credit,cust244@ybl,success,quickmart247@oksbi
TXN9BEEEE7C04C7,2026-02-01T13:33:00,65.14,credit,user217@okhdfc,success,quickmart247@oksbi
TXNA909EEE2BEDF,2026-02-01T14:11:00,52.2,credit,payer196@paytm,success,quickmart247@oksbi
TXN4E3AF42E7D16,2026-02-01T19:31:00,119.97,credit,cust321@ybl,success,quickmart247@oksbi
TXN5BE75D9DC1EA,2026-02-01T20:10:00,90.31,credit,payer333@paytm,success,quickmart247@oksbi
TXN7B1E8BA01A2D,2026-02-02T16:08:00,104.83,credit,user134@okhdfc,success,quickmart247@oksbi
TXN6858844A662F,2026-02-02T18:24:00,156.85,credit,cust392@ybl,success,quickmart247@oksbi
TXNBC014C588421,2026-02-03T16:18:00,28.05,credit,cust245@ybl,success,quickmart247@oksbi
TXNC5C92A9B4162,2026-02-03T17:24:00,91.72,credit,user213@okhdfc,success,quickmart247@oksbi
TXNBF8078F37999,2026-02-03T19:21:00,58.31,credit,payer174@paytm,success,quickmart247@oksbi
TXN5345D01ED931,2026-02-03T21:36:00,104.23,credit,payer291@paytm,success,quickmart247@oksbi
TXNEF3FC581A35C,2026-02-03T21:37:00,116.88,credit,cust362@ybl,success,quickmart247@oksbi
TXN63F8DCC4A333,2026-02-04T12:29:00,166.36,credit,payer209@paytm,success,quickmart247@oksbi
TXN13E457989AD9,2026-02-04T17:17:00,79.58,credit,payer120@paytm,success,quickmart247@oksbi
TXNF792E05F6966,2026-02-04T20:53:00,128.18,credit,payer93@paytm,success,quickmart247@oksbi
TXN94ED2AD74DD1,2026-02-05T09:55:00,113.87,credit,cust188@ybl,success,quickmart247@oksbi
TXN7787879D7EEC,2026-02-05T10:20:00,58.81,credit,cust130@ybl,success,quickmart247@oksbi
TXN5F87069D7F2C,2026-02-05T12:33:00,78.5,credit,user30@okhdfc,success,quickmart247@oksbi
TXNDFB580C9588A,2026-02-05T14:19:00,38.26,credit,payer93@paytm,success,quickmart247@oksbi
TXNBC9A2768C9D6,2026-02-05T17:00:00,51.37,credit,payer209@paytm,success,quickmart247@oksbi
TXN5C73146A3631,2026-02-06T09:15:00,97.79,credit,cust216@ybl,success,quickmart247@oksbi
TXNF202C80745D7,2026-02-06T11:05:00,91.02,credit,cust272@ybl,success,quickmart247@oksbi
TXND08F64B18154,2026-02-06T15:21:00,75.85,credit,user30@okhdfc,success,quickmart247@oksbi
TXNF56E23EACEA0,2026-02-06T15:31:00,43.59,credit,payer129@paytm,success,quickmart247@oksbi
TXN455096E6E525,2026-02-07T11:17:00,87.39,credit,user388@okhdfc,success,quickmart247@oksbi
TXNA182705ABA6E,2026-02-07T12:53:00,20,credit,payer74@paytm,success,quickmart247@oksbi
TXNE117A7F15BDA,2026-02-07T20:00:00,182.96,credit,payer333@paytm,success,quickmart247@oksbi
TXNCDE5BA047663,2026-02-07T21:54:00,106.42,credit,user295@okhdfc,success,quickmart247@oksbi
TXN0BF1EFCBA91A,2026-02-08T13:10:00,58.54,credit,cust244@ybl,success,quickmart247@oksbi
TXN9AB59F1BD4C3,2026-02-08T14:15:00,71.19,credit,cust350@ybl,success,quickmart247@oksbi
TXNDF19363D39EE,2026-02-08T16:57:00,48.98,credit,payer56@paytm,success,quickmart247@oksbi
TXN7CF9728A6262,2026-02-08T18:29:00,109.59,credit,cust130@ybl,success,quickmart247@oksbi
TXNABB488D1966C,2026-02-08T20:50:00,78.59,credit,payer54@paytm,success,quickmart247@oksbi
TXN6166D0CA206F,2026-02-08T21:30:00,63.83,credit,user217@okhdfc,success,quickmart247@oksbi
TXN75436B2E5535,2026-02-09T11:18:00,44.75,credit,cust307@ybl,success,quickmart247@oksbi
TXN08158CEAAA7A,2026-02-09T12:11:00,104.39,credit,cust374@ybl,success,quickmart247@oksbi
TXN25F6BABEDA23,2026-02-09T19:42:00,105.92,credit,cust11@ybl,success,quickmart247@oksbi
TXNEF2C62E8328D,2026-02-09T20:32:00,129.52,credit,cust39@ybl,success,quickmart247@oksbi
TXN081C0010EEBB,2026-02-09T20:49:00,174.03,credit,cust392@ybl,success,quickmart247@oksbi
TXN749ADB1DBC2B,2026-02-10T12:36:00,98.6,credit,payer129@paytm,success,quickmart247@oksbi
TXN59EEC9658A08,2026-02-10T17:28:00,68.58,credit,payer216@paytm,success,quickmart247@oksbi
TXNDA51B5BF5D69,2026-02-10T18:00:00,265.63,debit,landlord@ybl,success,quickmart247@oksbi
TXNA0B023276A05,2026-02-10T19:41:00,101.95,credit,payer264@paytm,success,quickmart247@oksbi
TXNEACAD378A309,2026-02-11T15:14:00,33.01,credit,payer93@paytm,success,quickmart247@oksbi
TXNA4C883232559,2026-02-11T17:41:00,130.93,credit,cust24@ybl,success,quickmart247@oksbi
TXN10F28F80C0D3,2026-02-11T18:33:00,83.23,credit,payer111@paytm,success,quickmart247@oksbi
TXNCBC45FEA7CCB,2026-02-11T20:12:00,68.26,credit,payer346@paytm,success,quickmart247@oksbi
TXN01CD12AFC590,2026-02-12T08:09:00,126.33,credit,cust145@ybl,success,quickmart247@oksbi
TXNB704279188B5,2026-02-12T09:57:00,127.6,credit,user295@okhdfc,success,quickmart247@oksbi
TXN911F84B2AF0F,2026-02-12T11:53:00,76.25,credit,cust88@ybl,success,quickmart247@oksbi
TXN183B6C268653,2026-02-12T13:11:00,45.98,credit,user248@okhdfc,success,quickmart247@oksbi
TXN612A5E3A2E99,2026-02-12T15:48:00,116.43,credit,cust346@ybl,success,quickmart247@oksbi
TXN5C166B47EB42,2026-02-12T16:37:00,57.64,credit,cust88@ybl,success,quickmart247@oksbi
TXNE8E00BE628B0,2026-02-13T13:06:00,49.48,credit,cust107@ybl,success,quickmart247@oksbi
TXN7EC6D381F481,2026-02-13T21:57:00,68.88,credit,payer111@paytm,success,quickmart247@oksbi
TXN2D9BAABC8AFC,2026-02-14T08:13:00,124.21,credit,user134@okhdfc,success,quickmart247@oksbi
TXN04A517535D45,2026-02-14T08:23:00,123.95,credit,payer56@paytm,success,quickmart247@oksbi
TXN03D2598DF20C,2026-02-14T10:29:00,116.88,credit,payer93@paytm,success,quickmart247@oksbi
TXN8BDA49C0C79D,2026-02-14T11:37:00,49.56,credit,cust307@ybl,success,quickmart247@oksbi
TXN4059373FAE8F,2026-02-14T13:53:00,96.02,credit,payer111@paytm,success,quickmart247@oksbi
TXN283ED992227C,2026-02-15T08:47:00,84.54,credit,payer56@paytm,success,quickmart247@oksbi
TXN249668B10B1F,2026-02-15T09:05:00,120.86,credit,user128@okhdfc,success,quickmart247@oksbi
TXN9449CA3B2E49,2026-02-15T10:06:00,36.87,credit,payer318@paytm,success,quickmart247@oksbi
TXNE340B9232071,2026-02-15T10:12:00,134.85,credit,payer54@paytm,success,quickmart247@oksbi
TXND9CE7D38AB4D,2026-02-15T10:14:00,107.34,credit,cust39@ybl,success,quickmart247@oksbi
TXN84718A72AED3,2026-02-15T12:51:00,69.19,credit,cust307@ybl,success,quickmart247@oksbi
TXN7F01F46CB9F7,2026-02-15T15:40:00,24.1,credit,payer174@paytm,success,quickmart247@oksbi
TXNB4F37393AE56,2026-02-15T20:29:00,100.47,credit,cust131@ybl,success,quickmart247@oksbi
TXN77EFD80B72B1,2026-02-16T12:27:00,20,credit,payer129@paytm,success,quickmart247@oksbi
TXN46F5FA0E3857,2026-02-16T17:10:00,68.42,credit,payer111@paytm,success,quickmart247@oksbi
TXNA7E2F49CF533,2026-02-16T19:59:00,127.39,credit,payer209@paytm,success,quickmart247@oksbi
TXN00D1EA032B5B,2026-02-16T20:04:00,143.9,credit,cust244@ybl,success,quickmart247@oksbi
TXN694897EA5995,2026-02-16T20:45:00,22.01,credit,cust51@ybl,success,quickmart247@oksbi
TXN73A0461161AE,2026-02-16T21:03:00,61.41,credit,payer209@paytm,success,quickmart247@oksbi
TXN3C08E3C0935E,2026-02-16T21:08:00,127.79,credit,user311@okhdfc,success,quickmart247@oksbi
TXN39F74B4488E5,2026-02-17T12:46:00,144.63,credit,cust130@ybl,success,quickmart247@oksbi
TXNCBEC958B41E9,2026-02-17T16:03:00,58.21,credit,cust216@ybl,success,quickmart247@oksbi
TXN5E736D0BB32D,2026-02-17T17:00:00,91.56,credit,user240@okhdfc,success,quickmart247@oksbi
TXN9482E96D8FB6,2026-02-17T17:50:00,68.25,credit,payer74@paytm,success,quickmart247@oksbi
TXND39CA9D45B98,2026-02-18T08:05:00,85.83,credit,cust188@ybl,success,quickmart247@oksbi
TXND818D109D032,2026-02-18T11:04:00,102.56,credit,cust336@ybl,success,quickmart247@oksbi
TXNDEB53C75FDD2,2026-02-18T11:53:00,111.9,credit,user263@okhdfc,success,quickmart247@oksbi
TXN1959B4A67557,2026-02-18T12:54:00,138.91,credit,cust131@ybl,success,quickmart247@oksbi
TXN614C4FB94648,2026-02-18T17:38:00,66.59,credit,payer209@paytm,success,quickmart247@oksbi
TXN58C2137043F2,2026-02-18T20:47:00,111.96,credit,user213@okhdfc,success,quickmart247@oksbi
TXN9D618BB653E6,2026-02-18T21:35:00,129.61,credit,payer269@paytm,failed,quickmart247@oksbi
TXNFF5F179C198E,2026-02-19T12:20:00,57.06,credit,cust140@ybl,success,quickmart247@oksbi
TXN849EE54F9FDE,2026-02-19T13:32:00,83.35,credit,cust346@ybl,success,quickmart247@oksbi
TXNB14FF66A9878,2026-02-19T13:46:00,51.97,credit,payer111@paytm,success,quickmart247@oksbi
TXNC8F75040F6D2,2026-02-19T17:49:00,93.72,credit,payer74@paytm,success,quickmart247@oksbi
TXN63B95DC97455,2026-02-19T20:54:00,82.78,credit,cust107@ybl,success,quickmart247@oksbi
TXN78B4B696680A,2026-02-20T09:21:00,67.96,credit,cust346@ybl,success,quickmart247@oksbi
TXN72DE17C43575,2026-02-20T10:48:00,123.5,credit,user30@okhdfc,success,quickmart247@oksbi
TXNDB04378A8CA4,2026-02-20T17:31:00,70.5,credit,user295@okhdfc,success,quickmart247@oksbi
TXN17BDC60BD102,2026-02-20T20:44:00,127.33,credit,user3@okhdfc,success,quickmart247@oksbi
TXNB05C41B0015E,2026-02-21T17:16:00,111.34,credit,payer56@paytm,success,quickmart247@oksbi
TXN5041609002F3,2026-02-21T18:45:00,59.78,credit,user217@okhdfc,success,quickmart247@oksbi
TXNEE186B614BF3,2026-02-21T21:10:00,133.28,credit,user248@okhdfc,success,quickmart247@oksbi
TXN3CB844CF0916,2026-02-22T08:56:00,116.13,credit,cust374@ybl,failed,quickmart247@oksbi
TXN2D32E9C96352,2026-02-22T09:18:00,80.63,credit,cust2@ybl,success,quickmart247@oksbi
TXN86CFB28CA80A,2026-02-22T17:41:00,122.55,credit,user248@okhdfc,success,quickmart247@oksbi
TXN0D47DDEEB76C,2026-02-22T19:15:00,94.03,credit,payer129@paytm,success,quickmart247@oksbi
TXN12207F808421,2026-02-22T19:36:00,61.03,credit,cust374@ybl,success,quickmart247@oksbi
TXND8EDFD37EDDB,2026-02-22T21:31:00,81.93,credit,cust307@ybl,success,quickmart247@oksbi
TXNF462EEA56FE8,2026-02-23T09:05:00,111.49,credit,cust11@ybl,success,quickmart247@oksbi
TXN2C4C58B5E38E,2026-02-23T10:45:00,129.6,credit,cust73@ybl,success,quickmart247@oksbi
TXN5186CDC44832,2026-02-23T16:00:00,99.82,credit,user134@okhdfc,success,quickmart247@oksbi
TXNC0ED11DB50D5,2026-02-24T08:39:00,90.54,credit,payer93@paytm,success,quickmart247@oksbi
TXNF3DD573DAD1A,2026-02-24T11:40:00,97.85,credit,user128@okhdfc,success,quickmart247@oksbi
TXNB4AB17B6BB29,2026-02-24T20:09:00,65.67,credit,cust107@ybl,success,quickmart247@oksbi
TXN96DDA35B0AB4,2026-02-24T21:29:00,144.83,credit,user185@okhdfc,success,quickmart247@oksbi
TXN730A73EED2D5,2026-02-25T08:25:00,92.19,credit,user134@okhdfc,success,quickmart247@oksbi
TXN3F461EE31B17,2026-02-25T08:38:00,62.79,credit,cust245@ybl,success,quickmart247@oksbi
TXN2BDBD62341CC,2026-02-25T11:00:00,867.72,debit,landlord@ybl,success,quickmart247@oksbi
TXNF4FB9E2C99C2,2026-02-26T08:58:00,96.61,credit,user295@okhdfc,success,quickmart247@oksbi
TXND8BBDE63B92D,2026-02-26T10:00:00,1399.51,debit,landlord@ybl,success,quickmart247@oksbi
TXN7D62B5BB421B,2026-02-26T10:44:00,92.73,credit,cust374@ybl,success,quickmart247@oksbi
TXN569500667CF8,2026-02-26T13:06:00,137.87,credit,payer318@paytm,success,quickmart247@oksbi
TXNC5BDD1501F8D,2026-02-26T16:00:00,38.41,credit,cust131@ybl,success,quickmart247@oksbi
TXN356DAFB75AC3,2026-02-26T20:15:00,137.67,credit,cust130@ybl,success,quickmart247@oksbi
TXNB10B92C44423,2026-02-27T09:00:00,86.25,credit,cust107@ybl,success,quickmart247@oksbi
TXN9CAEFE22A26A,2026-02-27T14:36:00,77.4,credit,user225@okhdfc,success,quickmart247@oksbi
TXN88FE26FB72AD,2026-02-27T17:19:00,39.87,credit,payer196@paytm,success,quickmart247@oksbi
TXN191B22855447,2026-02-27T21:04:00,33.85,credit,cust140@ybl,success,quickmart247@oksbi
TXND8B68147C6DC,2026-02-28T10:18:00,85.11,credit,payer147@paytm,success,quickmart247@oksbi
TXN5A12133308E3,2026-02-28T10:58:00,146.62,credit,payer269@paytm,success,quickmart247@oksbi
TXN896B75143C49,2026-02-28T13:11:00,67.09,credit,payer111@paytm,success,quickmart247@oksbi
TXN55A23FB24D0B,2026-02-28T14:20:00,97.57,credit,user248@okhdfc,success,quickmart247@oksbi
TXNC74868F68079,2026-02-28T14:28:00,130.95,credit,payer107@paytm,success,quickmart247@oksbi
TXNADDBA5AD8270,2026-02-28T15:22:00,58.98,credit,user335@okhdfc,success,quickmart247@oksbi
TXN91FB36487D47,2026-02-28T16:09:00,49.87,credit,payer333@paytm,success,quickmart247@oksbi
TXN328FA65327A3,2026-02-28T17:59:00,45.77,credit,cust107@ybl,success,quickmart247@oksbi
TXNB74A6348BE44,2026-02-28T19:05:00,80.88,credit,user242@okhdfc,success,quickmart247@oksbi
TXNF015B54A4023,2026-02-28T21:20:00,150.69,credit,user295@okhdfc,success,quickmart247@oksbi
TXN897B849623FB,2026-03-01T09:54:00,48.93,credit,payer196@paytm,success,quickmart247@oksbi
TXN1667D3B6E104,2026-03-01T10:01:00,89.18,credit,cust2@ybl,success,quickmart247@oksbi
TXN2177C071CCE8,2026-03-01T11:06:00,95.93,credit,cust272@ybl,success,quickmart247@oksbi
TXN65B6FDD94ADC,2026-03-01T16:47:00,68.96,credit,cust390@ybl,success,quickmart247@oksbi
TXN94D43C5CAB5E,2026-03-01T18:00:00,1385.63,debit,landlord@ybl,success,quickmart247@oksbi
TXND28E516DC9D5,2026-03-01T21:46:00,72.49,credit,user30@okhdfc,success,quickmart247@oksbi
TXNBF49B3AC0D2D,2026-03-02T19:37:00,70.7,credit,cust390@ybl,success,quickmart247@oksbi
TXN8B08796A254E,2026-03-02T19:38:00,32.95,credit,cust281@ybl,success,quickmart247@oksbi
TXN5DAE7F8C699C,2026-03-02T20:53:00,73.59,credit,user240@okhdfc,success,quickmart247@oksbi
TXN2012D5F457CE,2026-03-02T21:39:00,27.09,credit,cust301@ybl,success,quickmart247@oksbi
TXN18C88C20B7C5,2026-03-03T13:40:00,87.09,credit,payer318@paytm,success,quickmart247@oksbi
TXNDB676289DE1A,2026-03-03T14:19:00,69.49,credit,payer107@paytm,success,quickmart247@oksbi
TXN144DFB03CCD5,2026-03-03T14:22:00,155.87,credit,cust390@ybl,success,quickmart247@oksbi
TXN6785FC19A26D,2026-03-04T09:22:00,126.08,credit,user271@okhdfc,success,quickmart247@oksbi
TXNB76EC242607F,2026-03-04T10:31:00,96.71,credit,payer196@paytm,success,quickmart247@oksbi
TXN0DAAC4063200,2026-03-04T11:09:00,65.85,credit,payer216@paytm,success,quickmart247@oksbi
TXNB0BC3F5779EF,2026-03-04T11:57:00,20,credit,user134@okhdfc,success,quickmart247@oksbi
TXN9C5543165A86,2026-03-04T13:16:00,56.58,credit,cust51@ybl,success,quickmart247@oksbi
TXN0EF9E42DDD8C,2026-03-04T19:19:00,119.82,credit,payer216@paytm,success,quickmart247@oksbi
TXNAA296B4FA2B6,2026-03-04T21:11:00,89.45,credit,cust346@ybl,success,quickmart247@oksbi
TXN97B8278508B4,2026-03-05T10:15:00,162.13,credit,payer129@paytm,success,quickmart247@oksbi
TXN6267CEC12D8E,2026-03-05T11:35:00,69.59,credit,cust55@ybl,success,quickmart247@oksbi
TXN48A4753059E9,2026-03-05T14:20:00,103.32,credit,cust131@ybl,success,quickmart247@oksbi
TXN1729B966632E,2026-03-05T14:32:00,91.08,credit,cust39@ybl,success,quickmart247@oksbi
TXN385F8051D6FF,2026-03-05T20:33:00,122.42,credit,payer216@paytm,success,quickmart247@oksbi
TXND3069E1C3E7C,2026-03-06T11:51:00,73.81,credit,payer129@paytm,success,quickmart247@oksbi
TXND80139AF4F65,2026-03-06T12:38:00,106.9,credit,payer209@paytm,success,quickmart247@oksbi
TXN4CBC3F2DBB26,2026-03-06T21:44:00,185.2,credit,cust2@ybl,success,quickmart247@oksbi
TXN201327007547,2026-03-07T09:07:00,74.01,credit,cust244@ybl,success,quickmart247@oksbi
TXN2BD343FAD826,2026-03-07T09:22:00,102.37,credit,cust390@ybl,success,quickmart247@oksbi
TXNC5BC7DC0A893,2026-03-07T13:02:00,76.85,credit,cust131@ybl,success,quickmart247@oksbi
TXNC2B51C94D00C,2026-03-07T14:53:00,77.88,credit,user335@okhdfc,success,quickmart247@oksbi
TXN9B0D1E785702,2026-03-07T15:30:00,111.37,credit,user388@okhdfc,success,quickmart247@oksbi
TXN65923F0914BC,2026-03-07T18:23:00,120.66,credit,payer129@paytm,failed,quickmart247@oksbi
TXNE0372BCD3D35,2026-03-07T19:38:00,67.24,credit,cust245@ybl,success,quickmart247@oksbi
TXN4988919757BE,2026-03-08T08:02:00,107.93,credit,cust107@ybl,success,quickmart247@oksbi
TXN1B43133FDE79,2026-03-08T10:24:00,126.92,credit,cust346@ybl,success,quickmart247@oksbi
TXNBA6DEFA5A48C,2026-03-08T11:05:00,113.56,credit,cust390@ybl,success,quickmart247@oksbi
TXN13B20220CD2F,2026-03-08T14:40:00,80.74,credit,cust107@ybl,success,quickmart247@oksbi
TXNC8ED901AE003,2026-03-08T16:53:00,133.37,credit,user248@okhdfc,success,quickmart247@oksbi
TXN1F3D1BD2ADEF,2026-03-08T19:14:00,60.19,credit,payer318@paytm,success,quickmart247@oksbi
TXN0D7070ACE049,2026-03-08T20:00:00,66.88,credit,payer111@paytm,success,quickmart247@oksbi
TXNA23FA5ECA78B,2026-03-09T08:50:00,20,credit,cust244@ybl,success,quickmart247@oksbi
TXN6685E1A99006,2026-03-09T12:12:00,81.05,credit,user263@okhdfc,success,quickmart247@oksbi
TXNAC809DE3B265,2026-03-09T14:46:00,143.46,credit,payer346@paytm,success,quickmart247@oksbi
TXNC635D5F388CA,2026-03-09T21:30:00,136.75,credit,cust362@ybl,success,quickmart247@oksbi
TXNF544D40910B5,2026-03-09T21:47:00,20,credit,cust346@ybl,success,quickmart247@oksbi
TXNA98E28950BE1,2026-03-10T12:15:00,39.87,credit,payer120@paytm,success,quickmart247@oksbi
TXNCDAEFBB1CDE5,2026-03-10T12:21:00,96.57,credit,user128@okhdfc,success,quickmart247@oksbi
TXNC649734F7299,2026-03-10T13:08:00,79.68,credit,cust336@ybl,success,quickmart247@oksbi
TXN936F91BCF07D,2026-03-10T21:20:00,71.83,credit,cust289@ybl,success,quickmart247@oksbi
TXN128A5E1C75E7,2026-03-11T17:39:00,119.52,credit,cust2@ybl,success,quickmart247@oksbi
TXNE104377B57D3,2026-03-11T19:41:00,83.96,credit,cust298@ybl,success,quickmart247@oksbi
TXN9108A47AC1CC,2026-03-11T20:18:00,68.29,credit,payer264@paytm,success,quickmart247@oksbi
TXNECBD11FC7F6D,2026-03-12T08:46:00,100.35,credit,payer259@paytm,success,quickmart247@oksbi
TXNE62A85AC3437,2026-03-12T10:41:00,141.15,credit,cust2@ybl,success,quickmart247@oksbi
TXN238AD1736E52,2026-03-12T11:36:00,145.68,credit,user102@okhdfc,success,quickmart247@oksbi
TXNF7692745251F,2026-03-12T12:23:00,60.95,credit,user128@okhdfc,success,quickmart247@oksbi
TXNB42C2E3773AD,2026-03-12T19:27:00,30.5,credit,payer54@paytm,success,quickmart247@oksbi
TXN186F7469B46E,2026-03-13T09:47:00,117.81,credit,cust244@ybl,success,quickmart247@oksbi
TXN14A5A7455ACC,2026-03-13T11:23:00,108.58,credit,payer209@paytm,success,quickmart247@oksbi
TXN476F28A91D78,2026-03-13T18:23:00,104.27,credit,cust130@ybl,success,quickmart247@oksbi
TXNCBC8910CA01D,2026-03-13T18:47:00,72.9,credit,user295@okhdfc,success,quickmart247@oksbi
TXN233CD206EE17,2026-03-13T19:53:00,108.11,credit,payer209@paytm,success,quickmart247@oksbi
TXN53749AACDDF3,2026-03-14T11:35:00,81.58,credit,cust301@ybl,success,quickmart247@oksbi
TXNA972E108C4D1,2026-03-14T13:05:00,69.89,credit,cust24@ybl,success,quickmart247@oksbi
TXN842A32E90D04,2026-03-14T13:43:00,77.29,credit,cust145@ybl,success,quickmart247@oksbi
TXN0974941D5950,2026-03-14T18:37:00,93.47,credit,cust346@ybl,success,quickmart247@oksbi
TXN309C9C200284,2026-03-14T19:58:00,62.34,credit,payer333@paytm,success,quickmart247@oksbi
TXN22ED9A5B7687,2026-03-14T20:49:00,95.9,credit,payer209@paytm,success,quickmart247@oksbi
TXNDD4F46702ADA,2026-03-15T09:27:00,67.27,credit,cust350@ybl,success,quickmart247@oksbi
TXNE4715C5A2738,2026-03-15T14:42:00,29.37,credit,user248@okhdfc,success,quickmart247@oksbi
TXN45AEB29E8DC9,2026-03-15T14:42:00,75.26,credit,user128@okhdfc,success,quickmart247@oksbi
TXNE8E6047FD178,2026-03-15T15:55:00,116.61,credit,cust107@ybl,success,quickmart247@oksbi
TXND2D9FC82E431,2026-03-15T16:18:00,35.6,credit,user128@okhdfc,success,quickmart247@oksbi
TXNB124419F7D8E,2026-03-16T09:20:00,151.65,credit,user102@okhdfc,success,quickmart247@oksbi
TXNEF9B54779B00,2026-03-16T09:26:00,153.37,credit,payer196@paytm,success,quickmart247@oksbi
TXN990E80240444,2026-03-16T13:19:00,134.41,credit,payer54@paytm,success,quickmart247@oksbi
TXN81E63943E479,2026-03-16T14:33:00,63.18,credit,payer54@paytm,success,quickmart247@oksbi
TXN7AE1A2D2FC06,2026-03-16T15:00:00,519.19,debit,landlord@ybl,success,quickmart247@oksbi
TXN69FF553124A5,2026-03-16T18:59:00,97.75,credit,user213@okhdfc,success,quickmart247@oksbi
TXN87040A1A698D,2026-03-16T19:44:00,98.25,credit,payer111@paytm,success,quickmart247@oksbi
TXNABE4026BBB1E,2026-03-17T11:51:00,119.49,credit,user134@okhdfc,success,quickmart247@oksbi
TXN835FA55F458A,2026-03-17T14:52:00,37.34,credit,user217@okhdfc,success,quickmart247@oksbi
TXNA631DB280220,2026-03-17T16:20:00,67.11,credit,cust244@ybl,success,quickmart247@oksbi
TXNE1ED908FBB6C,2026-03-17T18:42:00,41.2,credit,payer18@paytm,success,quickmart247@oksbi
TXN45D69D1496D2,2026-03-17T21:12:00,118.74,credit,cust130@ybl,failed,quickmart247@oksbi
TXN132A8C1999F7,2026-03-18T09:25:00,117.85,credit,payer209@paytm,success,quickmart247@oksbi
TXNB1823CFEE140,2026-03-18T13:14:00,59.51,credit,cust362@ybl,success,quickmart247@oksbi
TXN861274172AA3,2026-03-18T15:47:00,113.55,credit,cust130@ybl,success,quickmart247@oksbi
TXN7E4425073362,2026-03-18T18:56:00,35.45,credit,payer107@paytm,success,quickmart247@oksbi
TXNA94506D0B8E5,2026-03-19T08:11:00,80.24,credit,user119@okhdfc,success,quickmart247@oksbi
TXN56372F5AF224,2026-03-19T10:27:00,72.16,credit,user242@okhdfc,success,quickmart247@oksbi
TXN02C519DC5E7E,2026-03-19T15:00:00,866.77,debit,landlord@ybl,success,quickmart247@oksbi
TXNDE03A3202A83,2026-03-19T15:46:00,96.73,credit,cust298@ybl,success,quickmart247@oksbi
TXNF23B682EA42E,2026-03-19T18:22:00,132.21,credit,user134@okhdfc,failed,quickmart247@oksbi
TXN7E6930C46C27,2026-03-19T19:22:00,127.27,credit,user240@okhdfc,success,quickmart247@oksbi
TXN1A8E212155C3,2026-03-20T10:43:00,73.84,credit,cust374@ybl,success,quickmart247@oksbi
TXN9B873F4199E2,2026-03-20T14:48:00,139.81,credit,user233@okhdfc,success,quickmart247@oksbi
TXN31F190549C23,2026-03-21T14:03:00,72.22,credit,payer216@paytm,failed,quickmart247@oksbi
TXNA902B993CC36,2026-03-21T16:31:00,79.11,credit,user117@okhdfc,success,quickmart247@oksbi
TXN294EF7979006,2026-03-21T16:54:00,51.47,credit,cust168@ybl,success,quickmart247@oksbi
TXNE38FC1A685A4,2026-03-22T14:21:00,65.02,credit,user213@okhdfc,failed,quickmart247@oksbi
TXN886B5781DFFE,2026-03-22T17:06:00,106.89,credit,user217@okhdfc,success,quickmart247@oksbi
TXN7C5D32A08250,2026-03-22T17:34:00,25.78,credit,cust73@ybl,success,quickmart247@oksbi
TXN1143049F1BAF,2026-03-22T18:37:00,107.59,credit,user117@okhdfc,success,quickmart247@oksbi
TXN6407C4E72282,2026-03-23T09:58:00,74.05,credit,cust346@ybl,success,quickmart247@oksbi
TXNA74E02A3A659,2026-03-23T12:38:00,105.81,credit,payer111@paytm,success,quickmart247@oksbi
TXN5364A2AA8FF6,2026-03-23T14:21:00,75.99,credit,payer318@paytm,success,quickmart247@oksbi
TXNFE53B2A1FD23,2026-03-23T17:15:00,112.67,credit,cust390@ybl,success,quickmart247@oksbi
TXNB99CC7DBE72B,2026-03-23T19:00:00,79.1,credit,user30@okhdfc,success,quickmart247@oksbi
TXNDCF4E7300CA5,2026-03-23T21:20:00,55.82,credit,cust346@ybl,success,quickmart247@oksbi
TXNC492A6F8FD86,2026-03-23T21:39:00,97.22,credit,user295@okhdfc,success,quickmart247@oksbi
TXN5C0052DAF856,2026-03-24T10:20:00,130.72,credit,cust362@ybl,success,quickmart247@oksbi
TXN61EF29768362,2026-03-24T11:38:00,92.54,credit,user335@okhdfc,success,quickmart247@oksbi
TXNCD3C5F8331D4,2026-03-24T18:23:00,90.76,credit,user248@okhdfc,success,quickmart247@oksbi
TXNCEFA7F5EC770,2026-03-24T20:11:00,29.52,credit,user30@okhdfc,success,quickmart247@oksbi
TXNDBB2D5347717,2026-03-25T12:07:00,143.8,credit,cust168@ybl,success,quickmart247@oksbi
TXN4E3B350592AD,2026-03-25T14:11:00,89.38,credit,cust130@ybl,success,quickmart247@oksbi
TXN71F8948EB61C,2026-03-25T18:32:00,123.88,credit,cust350@ybl,success,quickmart247@oksbi
TXN15B8B1184213,2026-03-25T19:30:00,100.61,credit,payer129@paytm,success,quickmart247@oksbi
TXND1C8E4BF9865,2026-03-26T13:32:00,186.25,credit,cust130@ybl,success,quickmart247@oksbi
TXN79DB0B1FFBB7,2026-03-26T18:11:00,109.82,credit,user295@okhdfc,success,quickmart247@oksbi
TXN119CAF8A92A6,2026-03-26T19:16:00,66.76,credit,cust301@ybl,success,quickmart247@oksbi
TXN9461BFF47791,2026-03-27T08:13:00,101.74,credit,payer120@paytm,success,quickmart247@oksbi
TXN45E0C966D38C,2026-03-28T11:41:00,117.25,credit,cust390@ybl,success,quickmart247@oksbi
TXNF771CB72B1F9,2026-03-28T12:30:00,36.31,credit,payer346@paytm,success,quickmart247@oksbi
TXNC57BC662EB5F,2026-03-28T16:45:00,147.43,credit,user134@okhdfc,success,quickmart247@oksbi
TXNB91867B86591,2026-03-28T19:47:00,32.58,credit,user30@okhdfc,success,quickmart247@oksbi
TXN6008F732650F,2026-03-28T20:40:00,106.53,credit,payer56@paytm,success,quickmart247@oksbi
TXNADF77C411A99,2026-03-29T10:39:00,109.16,credit,cust245@ybl,success,quickmart247@oksbi
TXN46E1FD049739,2026-03-29T11:37:00,134.71,credit,user225@okhdfc,success,quickmart247@oksbi
TXN3F1C69D6D9E7,2026-03-29T12:54:00,73.99,credit,payer346@paytm,success,quickmart247@oksbi
TXNE1B03EE6B402,2026-03-29T14:23:00,124.4,credit,cust272@ybl,success,quickmart247@oksbi
TXN61EB6E218A3B,2026-03-29T14:28:00,109.85,credit,cust244@ybl,success,quickmart247@oksbi
TXN646F6B5EB56E,2026-03-29T14:52:00,77.44,credit,user134@okhdfc,success,quickmart247@oksbi
TXN431B3B1C5EEE,2026-03-30T08:57:00,20,credit,payer107@paytm,failed,quickmart247@oksbi
TXNC5E23554D560,2026-03-30T09:58:00,113.29,credit,cust346@ybl,success,quickmart247@oksbi
TXND6138D6E6788,2026-03-30T12:02:00,77.3,credit,payer168@paytm,success,quickmart247@oksbi
TXN8376AF408E04,2026-03-30T15:00:00,213.99,debit,landlord@ybl,success,quickmart247@oksbi
TXNAD1C3BA4C06E,2026-03-30T21:58:00,142.16,credit,payer111@paytm,success,quickmart247@oksbi
TXNE498478A8C85,2026-03-31T21:32:00,136.31,credit,user213@okhdfc,success,quickmart247@oksbi
TXN796B68C6EB03,2026-04-01T08:59:00,130.46,credit,user248@okhdfc,success,quickmart247@oksbi
TXNEDC04E2679B6,2026-04-01T15:33:00,50.22,credit,cust272@ybl,success,quickmart247@oksbi
TXN32819CA9EAB2,2026-04-01T17:53:00,156.87,credit,user248@okhdfc,success,quickmart247@oksbi
TXN54210EE62234,2026-04-01T19:31:00,119.72,credit,payer120@paytm,success,quickmart247@oksbi
TXN0C3C173F7DA7,2026-04-01T19:37:00,50.96,credit,cust342@ybl,success,quickmart247@oksbi
TXNF49BD1FD4389,2026-04-02T08:56:00,113.4,credit,cust321@ybl,success,quickmart247@oksbi
TXN60BEF725406E,2026-04-02T09:17:00,99.35,credit,cust374@ybl,success,quickmart247@oksbi
TXN16F2573A9FC8,2026-04-02T09:51:00,123.87,credit,user240@okhdfc,success,quickmart247@oksbi
TXN9097C00423C9,2026-04-02T11:11:00,76.59,credit,cust2@ybl,success,quickmart247@oksbi
TXNA254B8ECDC54,2026-04-02T17:36:00,40.35,credit,user30@okhdfc,success,quickmart247@oksbi
TXN3DA4AB665BED,2026-04-02T18:33:00,77.0,credit,user295@okhdfc,success,quickmart247@oksbi
TXN99A0988C7E05,2026-04-02T19:58:00,144.53,credit,payer259@paytm,success,quickmart247@oksbi
TXN41AEFD7695C3,2026-04-02T20:22:00,66.91,credit,cust55@ybl,success,quickmart247@oksbi
TXND14D30860B9D,2026-04-03T08:15:00,57.82,credit,payer196@paytm,success,quickmart247@oksbi
TXN6C79649054A6,2026-04-03T14:55:00,66.56,credit,cust55@ybl,success,quickmart247@oksbi
TXN156D3D1E6404,2026-04-03T15:03:00,184.08,credit,payer264@paytm,success,quickmart247@oksbi
TXN987A80F220E9,2026-04-03T18:43:00,77.83,credit,payer54@paytm,success,quickmart247@oksbi
TXNF9D8E594C425,2026-04-04T10:44:00,85.05,credit,user217@okhdfc,success,quickmart247@oksbi
TXN1386948A6B7F,2026-04-04T18:54:00,77.72,credit,user295@okhdfc,success,quickmart247@oksbi
TXN8BA14A72C7D1,2026-04-05T08:33:00,49.15,credit,user134@okhdfc,success,quickmart247@oksbi
TXN67AC7A98092D,2026-04-05T08:55:00,54.49,credit,cust281@ybl,success,quickmart247@oksbi
TXNE46CC72C4E6E,2026-04-05T13:15:00,127.3,credit,cust107@ybl,success,quickmart247@oksbi
TXN19B1D51F3039,2026-04-05T18:12:00,87.54,credit,cust346@ybl,success,quickmart247@oksbi
TXN972DE3E2B995,2026-04-05T21:07:00,145.89,credit,user217@okhdfc,success,quickmart247@oksbi
TXNCF7933328A94,2026-04-06T10:56:00,102.15,credit,cust281@ybl,success,quickmart247@oksbi
TXN4457032EACA0,2026-04-06T11:04:00,144.22,credit,cust244@ybl,success,quickmart247@oksbi
TXN66F3764E3930,2026-04-06T13:01:00,124.21,credit,user225@okhdfc,success,quickmart247@oksbi
TXNCE8FFA58D970,2026-04-06T15:38:00,93.71,credit,user217@okhdfc,success,quickmart247@oksbi
TXN8D0395A658F8,2026-04-06T15:55:00,116.97,credit,user225@okhdfc,success,quickmart247@oksbi
TXN5418BF9B111B,2026-04-06T16:49:00,79.86,credit,payer346@paytm,success,quickmart247@oksbi
TXN65E603AC2260,2026-04-06T18:28:00,79.06,credit,cust216@ybl,success,quickmart247@oksbi
TXNB99A7F02AF90,2026-04-06T19:18:00,28.87,credit,cust39@ybl,success,quickmart247@oksbi
TXN22D65FA0FCD0,2026-04-06T21:06:00,77.7,credit,payer259@paytm,success,quickmart247@oksbi
TXN7050E4FBF272,2026-04-07T09:17:00,20,credit,user295@okhdfc,success,quickmart247@oksbi
TXNEDAC5DDE5E8B,2026-04-07T13:05:00,60.3,credit,user185@okhdfc,success,quickmart247@oksbi
TXN9C6310D4E7A2,2026-04-07T15:32:00,138.98,credit,payer129@paytm,success,quickmart247@oksbi
TXNF702EE2D28DB,2026-04-07T17:24:00,99.41,credit,cust392@ybl,success,quickmart247@oksbi
TXNAB7E35460FA8,2026-04-07T18:03:00,107.08,credit,payer174@paytm,success,quickmart247@oksbi
TXNDE908694863F,2026-04-07T19:27:00,68.29,credit,user30@okhdfc,success,quickmart247@oksbi
TXN44FC9FC52F3D,2026-04-08T10:04:00,102.27,credit,payer107@paytm,success,quickmart247@oksbi
TXN0F2A3C6E9F76,2026-04-08T17:50:00,121.14,credit,cust168@ybl,success,quickmart247@oksbi
TXN2D3E8A7B0940,2026-04-09T15:40:00,60.51,credit,payer147@paytm,failed,quickmart247@oksbi
TXN2E9B4825D1E9,2026-04-09T17:55:00,39.52,credit,user240@okhdfc,success,quickmart247@oksbi
TXN7547D773C0E6,2026-04-10T11:00:00,121.28,credit,cust390@ybl,success,quickmart247@oksbi
TXN72DD383B6F3E,2026-04-10T14:57:00,78.47,credit,payer196@paytm,success,quickmart247@oksbi
TXN06E37826D827,2026-04-10T20:02:00,50.39,credit,user248@okhdfc,success,quickmart247@oksbi
TXN80DE9E341CE9,2026-04-10T20:54:00,88.85,credit,cust301@ybl,success,quickmart247@oksbi
TXN8D521EE1B252,2026-04-11T10:00:00,137.89,credit,user395@okhdfc,success,quickmart247@oksbi
TXNC8D3EB45C181,2026-04-11T14:32:00,40.07,credit,cust88@ybl,success,quickmart247@oksbi
TXN7E39870620DB,2026-04-11T15:23:00,138.03,credit,user102@okhdfc,success,quickmart247@oksbi
TXN9DC4C59FE1A7,2026-04-11T15:44:00,73.09,credit,cust24@ybl,success,quickmart247@oksbi
TXN7F850F47BAAD,2026-04-12T08:58:00,92.89,credit,payer129@paytm,success,quickmart247@oksbi
TXN740B9A928858,2026-04-12T10:16:00,88.55,credit,cust362@ybl,success,quickmart247@oksbi
TXN8C3E4882E7BB,2026-04-12T13:01:00,134.94,credit,payer111@paytm,success,quickmart247@oksbi
TXNB58237FFBD24,2026-04-12T13:30:00,48.44,credit,payer196@paytm,success,quickmart247@oksbi
TXN941713B52C03,2026-04-12T14:19:00,175.93,credit,user30@okhdfc,success,quickmart247@oksbi
TXN20B44753076A,2026-04-13T13:23:00,132.24,credit,cust24@ybl,success,quickmart247@oksbi
TXN9048734C14E5,2026-04-13T17:09:00,93.17,credit,user271@okhdfc,success,quickmart247@oksbi
TXN0563582D5361,2026-04-14T08:30:00,92.02,credit,payer21@paytm,success,quickmart247@oksbi
TXN57429C96DA19,2026-04-14T09:40:00,132.72,credit,cust392@ybl,success,quickmart247@oksbi
TXN4815AA4C2EE8,2026-04-14T11:35:00,53.03,credit,payer346@paytm,success,quickmart247@oksbi
TXN00F7141FEBF3,2026-04-14T15:38:00,62.28,credit,cust289@ybl,success,quickmart247@oksbi
TXN067B0E1BE688,2026-04-14T20:40:00,69.05,credit,payer269@paytm,success,quickmart247@oksbi
TXNECB7AA01A660,2026-04-14T21:45:00,88.64,credit,payer111@paytm,success,quickmart247@oksbi
TXN9EA424CEBD4E,2026-04-15T08:31:00,86.63,credit,cust130@ybl,success,quickmart247@oksbi
TXN5781EA5EA7C0,2026-04-15T09:28:00,70.07,credit,cust346@ybl,success,quickmart247@oksbi
TXN21EBE8C2D8F5,2026-04-15T14:22:00,105.92,credit,cust140@ybl,success,quickmart247@oksbi
TXNADBEEE922295,2026-04-15T16:28:00,63.84,credit,payer129@paytm,success,quickmart247@oksbi
TXN74EB5F505AD5,2026-04-15T16:37:00,30.81,credit,user102@okhdfc,success,quickmart247@oksbi
TXNCBADC1B0D837,2026-04-16T08:28:00,95.96,credit,user30@okhdfc,success,quickmart247@oksbi
TXNF3CBCB7B0022,2026-04-16T08:42:00,69.55,credit,cust214@ybl,success,quickmart247@oksbi
TXN067FA1F92D22,2026-04-16T14:33:00,52.66,credit,cust374@ybl,success,quickmart247@oksbi
TXNC6752F830F48,2026-04-16T15:09:00,158.56,credit,cust131@ybl,success,quickmart247@oksbi
TXND0D4C89E3732,2026-04-16T15:14:00,47.23,credit,cust307@ybl,success,quickmart247@oksbi
TXN436AFDBB1530,2026-04-16T20:39:00,124.12,credit,cust390@ybl,success,quickmart247@oksbi
TXNC536C6F6E3C6,2026-04-17T09:34:00,22.18,credit,user128@okhdfc,success,quickmart247@oksbi
TXN44166C2051B3,2026-04-17T10:16:00,80.05,credit,user295@okhdfc,success,quickmart247@oksbi
TXN5565C66FD7EC,2026-04-17T12:58:00,61.01,credit,cust281@ybl,success,quickmart247@oksbi
TXN218D89DD906E,2026-04-17T15:42:00,100.22,credit,cust51@ybl,success,quickmart247@oksbi
TXN24B57FCADC56,2026-04-17T17:14:00,125.54,credit,cust55@ybl,success,quickmart247@oksbi
TXNAB1D9640C0C7,2026-04-18T11:38:00,86.79,credit,payer329@paytm,success,quickmart247@oksbi
TXND061D220B530,2026-04-18T14:05:00,55.05,credit,cust272@ybl,success,quickmart247@oksbi
TXN994E498AA016,2026-04-18T14:15:00,81.84,credit,cust298@ybl,success,quickmart247@oksbi
TXN46BCA4A4D949,2026-04-18T16:34:00,171.91,credit,cust374@ybl,success,quickmart247@oksbi
TXND8C2EABE81F8,2026-04-18T18:45:00,109.17,credit,cust281@ybl,success,quickmart247@oksbi
TXN13FB1004143B,2026-04-18T19:30:00,148.4,credit,payer174@paytm,success,quickmart247@oksbi
TXN1B89012F5E86,2026-04-18T20:25:00,125.4,credit,payer111@paytm,success,quickmart247@oksbi
TXN11A0893BF931,2026-04-19T08:59:00,64.45,credit,user395@okhdfc,success,quickmart247@oksbi
TXND90183D80C67,2026-04-19T12:41:00,34.29,credit,user395@okhdfc,success,quickmart247@oksbi
TXN04B2D52289DE,2026-04-19T15:47:00,130.73,credit,cust272@ybl,success,quickmart247@oksbi
TXN1A232DC15FBC,2026-04-19T16:27:00,137.77,credit,payer264@paytm,success,quickmart247@oksbi
TXNC4E1B7CAD7A4,2026-04-19T20:00:00,52.99,credit,user395@okhdfc,failed,quickmart247@oksbi
TXNA4F1237663EC,2026-04-20T10:44:00,90.26,credit,payer333@paytm,success,quickmart247@oksbi
TXNCAB4B0115B7B,2026-04-20T13:59:00,88.2,credit,user119@okhdfc,success,quickmart247@oksbi
TXN21C330D12E70,2026-04-20T17:36:00,118.46,credit,cust390@ybl,success,quickmart247@oksbi
TXNED37CD0EA224,2026-04-20T17:40:00,20,credit,cust336@ybl,success,quickmart247@oksbi
TXN3DD55A43D3F3,2026-04-20T20:20:00,94.38,credit,payer346@paytm,success,quickmart247@oksbi
TXNB08E1A0D84DA,2026-04-21T13:06:00,36.43,credit,cust281@ybl,success,quickmart247@oksbi
TXN6975B0AF699F,2026-04-21T13:47:00,128.77,credit,user295@okhdfc,success,quickmart247@oksbi
TXN494798E57074,2026-04-21T14:51:00,92.71,credit,cust24@ybl,success,quickmart247@oksbi
TXN58394C2BD9BB,2026-04-21T19:36:00,94.72,credit,user128@okhdfc,success,quickmart247@oksbi
TXN25FB54C01A84,2026-04-22T08:01:00,20,credit,user134@okhdfc,success,quickmart247@oksbi
TXNC1629909E331,2026-04-22T14:33:00,73.12,credit,payer107@paytm,success,quickmart247@oksbi
TXNACA12BC39EB9,2026-04-23T09:19:00,69.99,credit,payer111@paytm,success,quickmart247@oksbi
TXN50BD0BE18AE4,2026-04-23T11:39:00,68.31,credit,cust272@ybl,success,quickmart247@oksbi
TXNEC05B85D8213,2026-04-23T13:27:00,108.01,credit,payer111@paytm,success,quickmart247@oksbi
TXNFECF0CA520F3,2026-04-23T16:56:00,118.28,credit,user388@okhdfc,success,quickmart247@oksbi
TXNA54A7FFE91BA,2026-04-23T21:37:00,105.75,credit,cust73@ybl,success,quickmart247@oksbi
TXN8298053F3E4F,2026-04-24T08:43:00,150.4,credit,payer107@paytm,success,quickmart247@oksbi
TXN229FF0A3024C,2026-04-24T09:00:00,93.74,credit,user242@okhdfc,success,quickmart247@oksbi
TXNADE587788AFF,2026-04-24T09:20:00,70.97,credit,cust307@ybl,success,quickmart247@oksbi
TXN788AD19F9689,2026-04-24T12:02:00,99.03,credit,cust336@ybl,success,quickmart247@oksbi
TXN9A7C53D420F0,2026-04-24T17:12:00,119.96,credit,user217@okhdfc,success,quickmart247@oksbi
TXNCFD043F7743F,2026-04-24T18:43:00,57.77,credit,user134@okhdfc,success,quickmart247@oksbi
TXNB70C6E966A3C,2026-04-24T20:04:00,75.53,credit,user102@okhdfc,success,quickmart247@oksbi
TXN6B239BE87CD6,2026-04-24T21:33:00,115.62,credit,cust73@ybl,success,quickmart247@oksbi
TXN22681695E37A,2026-04-25T08:23:00,124.4,credit,cust390@ybl,success,quickmart247@oksbi
TXN65FEE6874F50,2026-04-25T10:41:00,153.22,credit,cust374@ybl,success,quickmart247@oksbi
TXN6530D53B66B8,2026-04-25T11:00:00,120.34,credit,cust214@ybl,success,quickmart247@oksbi
TXN1EC00691617D,2026-04-25T16:59:00,60.05,credit,user3@okhdfc,success,quickmart247@oksbi
TXN55F803138CCB,2026-04-25T17:26:00,20,credit,cust307@ybl,success,quickmart247@oksbi
TXN26CA64D3A7E8,2026-04-25T17:38:00,117.89,credit,cust11@ybl,success,quickmart247@oksbi
TXNA3859EBF2490,2026-04-26T08:38:00,117.52,credit,user117@okhdfc,success,quickmart247@oksbi
TXN82F353506C07,2026-04-26T08:53:00,136.75,credit,cust272@ybl,success,quickmart247@oksbi
TXN41DA75DD6B16,2026-04-26T09:23:00,85.15,credit,cust390@ybl,failed,quickmart247@oksbi
TXNE2D842B517AA,2026-04-26T11:01:00,72.33,credit,cust281@ybl,success,quickmart247@oksbi
TXN481F15BB8E28,2026-04-26T12:32:00,20,credit,payer74@paytm,success,quickmart247@oksbi
TXNB91AEC8F0F3A,2026-04-26T13:03:00,124.54,credit,cust244@ybl,success,quickmart247@oksbi
TXN170342FA5C6A,2026-04-26T14:22:00,85.34,credit,cust24@ybl,success,quickmart247@oksbi
TXN8FAA258FAA33,2026-04-26T18:54:00,99.87,credit,user248@okhdfc,success,quickmart247@oksbi
TXNC82E6D0E316B,2026-04-26T21:23:00,119.35,credit,user3@okhdfc,success,quickmart247@oksbi
TXN1F5210B4FD1C,2026-04-26T21:53:00,42.57,credit,payer318@paytm,success,quickmart247@oksbi
TXNF80737FB0969,2026-04-27T12:31:00,20.77,credit,cust244@ybl,success,quickmart247@oksbi
TXNFF7FF83FB6E9,2026-04-27T17:13:00,117.79,credit,cust307@ybl,success,quickmart247@oksbi
TXNC0B76EFBA516,2026-04-27T21:37:00,49.86,credit,cust107@ybl,success,quickmart247@oksbi
TXNBD338B3EECDF,2026-04-28T15:27:00,83.17,credit,cust2@ybl,success,quickmart247@oksbi
TXN2411394B1035,2026-04-28T17:46:00,79.38,credit,payer216@paytm,success,quickmart247@oksbi
TXN1E56061AA0A3,2026-04-28T20:43:00,104.05,credit,user30@okhdfc,success,quickmart247@oksbi
TXN0E7A9CA35818,2026-04-28T20:49:00,85.51,credit,user217@okhdfc,success,quickmart247@oksbi
TXNBDF7AC91E422,2026-04-28T21:40:00,97.92,credit,cust244@ybl,success,quickmart247@oksbi
TXN819C746053F7,2026-04-29T11:54:00,136.28,credit,payer269@paytm,success,quickmart247@oksbi
TXN6D831D63D28F,2026-04-29T13:10:00,94.93,credit,cust307@ybl,success,quickmart247@oksbi
TXNFFF51422CB14,2026-04-29T13:25:00,67.97,credit,user185@okhdfc,success,quickmart247@oksbi
TXNB00EA8DDD003,2026-04-29T15:16:00,88.31,credit,payer129@paytm,success,quickmart247@oksbi
TXN532824A5F2C7,2026-04-29T19:42:00,53.05,credit,cust214@ybl,success,quickmart247@oksbi
TXN247CD87F92E9,2026-04-29T20:00:00,208.22,credit,payer216@paytm,success,quickmart247@oksbi
TXNC81E1FA7BB60,2026-04-30T09:54:00,97.66,credit,payer209@paytm,success,quickmart247@oksbi
TXNEC4ED84A1BC2,2026-04-30T11:34:00,20,credit,payer93@paytm,success,quickmart247@oksbi
TXNFED631526D2F,2026-04-30T12:39:00,120.86,credit,cust51@ybl,success,quickmart247@oksbi
TXN6DD3736E2DA6,2026-04-30T15:29:00,129.01,credit,cust307@ybl,success,quickmart247@oksbi
TXNB8C77D896E45,2026-04-30T17:42:00,73.59,credit,user134@okhdfc,success,quickmart247@oksbi
TXN785DE9FD4614,2026-04-30T19:47:00,81.33,credit,cust307@ybl,success,quickmart247@oksbi
TXNCD8432CB47B1,2026-05-01T12:17:00,156.61,credit,user335@okhdfc,success,quickmart247@oksbi
TXN406CCDDAD64F,2026-05-01T13:15:00,108.86,credit,payer196@paytm,success,quickmart247@oksbi
TXNCBEC59452E5C,2026-05-01T14:25:00,105.59,credit,payer168@paytm,success,quickmart247@oksbi
TXNFB902D45BB3C,2026-05-01T14:58:00,158.65,credit,user217@okhdfc,success,quickmart247@oksbi
TXN71AE69354E18,2026-05-01T18:38:00,82.69,credit,user248@okhdfc,success,quickmart247@oksbi
TXNEA5FD133FEEA,2026-05-01T20:07:00,21.34,credit,payer318@paytm,success,quickmart247@oksbi
TXNB407204D0E0D,2026-05-02T11:57:00,145.33,credit,cust390@ybl,success,quickmart247@oksbi
TXN9EEAD99B350F,2026-05-02T14:23:00,127.21,credit,user295@okhdfc,success,quickmart247@oksbi
TXN3D30CD925D69,2026-05-02T17:02:00,72.82,credit,cust272@ybl,success,quickmart247@oksbi
TXN68911DFEB634,2026-05-03T11:45:00,65.65,credit,payer333@paytm,success,quickmart247@oksbi
TXN7372E82EEFB5,2026-05-03T16:54:00,21.12,credit,payer333@paytm,success,quickmart247@oksbi
TXN97B7212138A0,2026-05-03T18:25:00,153.71,credit,cust11@ybl,success,quickmart247@oksbi
TXNF1E490DF5BC6,2026-05-04T13:05:00,94.01,credit,payer93@paytm,success,quickmart247@oksbi
TXNE6D57495B646,2026-05-04T13:27:00,104.36,credit,payer129@paytm,success,quickmart247@oksbi
TXNA73D0C0AF384,2026-05-04T16:18:00,106.68,credit,user240@okhdfc,success,quickmart247@oksbi
TXN3B1BBFA1E031,2026-05-04T21:36:00,77.34,credit,user240@okhdfc,success,quickmart247@oksbi
TXN95818382F284,2026-05-05T09:13:00,110.14,credit,payer56@paytm,success,quickmart247@oksbi
TXN19A10E18893E,2026-05-05T13:42:00,23.19,credit,cust307@ybl,success,quickmart247@oksbi
TXNDE1122B575D3,2026-05-05T16:10:00,67.8,credit,user248@okhdfc,success,quickmart247@oksbi
TXN19AC2F5AD3BC,2026-05-05T19:07:00,64.91,credit,cust51@ybl,success,quickmart247@oksbi
TXNE225F06FC727,2026-05-06T11:39:00,90.17,credit,user240@okhdfc,success,quickmart247@oksbi
TXN94B7876F03CE,2026-05-06T15:19:00,83.9,credit,user388@okhdfc,success,quickmart247@oksbi
TXN5CAE082AD341,2026-05-07T11:47:00,58.81,credit,user3@okhdfc,success,quickmart247@oksbi
TXN0A6EF2C240A7,2026-05-07T15:31:00,117.95,credit,cust130@ybl,success,quickmart247@oksbi
TXNF249F2F246E2,2026-05-08T10:18:00,97.14,credit,payer291@paytm,success,quickmart247@oksbi
TXNE3F0280E32ED,2026-05-08T12:19:00,89.07,credit,cust131@ybl,success,quickmart247@oksbi
TXN082B1B0FE445,2026-05-08T13:20:00,119.67,credit,cust346@ybl,success,quickmart247@oksbi
TXN6BE008BF9512,2026-05-08T15:00:00,1264.7,debit,landlord@ybl,success,quickmart247@oksbi
TXNB52B3493E9AF,2026-05-08T16:16:00,114.85,credit,payer21@paytm,failed,quickmart247@oksbi
TXN5A34118447C7,2026-05-08T19:22:00,166.82,credit,cust336@ybl,success,quickmart247@oksbi
TXN1099F8D590B4,2026-05-08T20:05:00,83.32,credit,cust350@ybl,success,quickmart247@oksbi
TXN447C941915F2,2026-05-09T14:43:00,71.66,credit,user213@okhdfc,success,quickmart247@oksbi
TXN899DDCAC7DB1,2026-05-09T15:27:00,108.47,credit,payer120@paytm,success,quickmart247@oksbi
TXNDF9C7C3506C3,2026-05-09T19:39:00,72.89,credit,payer147@paytm,success,quickmart247@oksbi
TXN8651E6ABFD8C,2026-05-10T13:06:00,73.72,credit,cust374@ybl,success,quickmart247@oksbi
TXNA05B5ED142DA,2026-05-10T15:07:00,59.79,credit,cust2@ybl,success,quickmart247@oksbi
TXN9F8C21EC7755,2026-05-10T17:54:00,65.39,credit,payer346@paytm,success,quickmart247@oksbi
TXNC7A0F94782F2,2026-05-11T09:54:00,59.45,credit,payer329@paytm,success,quickmart247@oksbi
TXNE82E93F026FF,2026-05-11T11:57:00,69.3,credit,payer346@paytm,success,quickmart247@oksbi
TXNCD9E269D9E82,2026-05-11T14:35:00,85.44,credit,payer129@paytm,success,quickmart247@oksbi
TXN277679B2AEEA,2026-05-12T12:16:00,47.3,credit,cust131@ybl,success,quickmart247@oksbi
TXN62057D7A1165,2026-05-12T15:45:00,119.37,credit,cust350@ybl,success,quickmart247@oksbi
TXN0015348D82FB,2026-05-12T15:59:00,111.15,credit,cust2@ybl,failed,quickmart247@oksbi
TXN301CCCC16118,2026-05-13T15:14:00,23.33,credit,user3@okhdfc,success,quickmart247@oksbi
TXN8D2B642598E5,2026-05-13T18:52:00,85.12,credit,user295@okhdfc,success,quickmart247@oksbi
TXN54A37B9BC15E,2026-05-13T19:46:00,60.88,credit,payer209@paytm,success,quickmart247@oksbi
TXN192CC9D40823,2026-05-14T10:26:00,61.91,credit,cust51@ybl,success,quickmart247@oksbi
TXN2A70D87759D8,2026-05-14T10:58:00,151.49,credit,cust130@ybl,success,quickmart247@oksbi
TXN0FD06A4BF9CF,2026-05-14T13:06:00,109.92,credit,cust24@ybl,success,quickmart247@oksbi
TXNE92E54B413D8,2026-05-14T14:48:00,80.99,credit,payer129@paytm,success,quickmart247@oksbi
TXN63FC2097AFB5,2026-05-14T17:03:00,114.01,credit,cust321@ybl,success,quickmart247@oksbi
TXNED5D33B3D29D,2026-05-14T17:13:00,107.05,credit,user263@okhdfc,success,quickmart247@oksbi
TXN2AE02388742A,2026-05-14T17:29:00,76.65,credit,payer93@paytm,success,quickmart247@oksbi
TXNE1D761C4E004,2026-05-14T19:01:00,65.37,credit,user134@okhdfc,success,quickmart247@oksbi
TXNFE21AC95224F,2026-05-14T20:31:00,188.29,credit,payer129@paytm,success,quickmart247@oksbi
TXN90E11FCEE666,2026-05-15T09:50:00,120.0,credit,payer107@paytm,success,quickmart247@oksbi
TXND925D79C02F5,2026-05-15T13:05:00,100.15,credit,user395@okhdfc,success,quickmart247@oksbi
TXNC382149A23D2,2026-05-16T10:12:00,94.49,credit,payer329@paytm,success,quickmart247@oksbi
TXN76334BFFFEB2,2026-05-16T10:34:00,80.76,credit,payer329@paytm,success,quickmart247@oksbi
TXNF9F28C1A0772,2026-05-16T19:03:00,56.55,credit,payer129@paytm,success,quickmart247@oksbi
TXNE99738D7E71F,2026-05-16T19:23:00,104.67,credit,cust88@ybl,success,quickmart247@oksbi
TXN50A09C8B14B0,2026-05-17T10:09:00,122.01,credit,payer74@paytm,success,quickmart247@oksbi
TXN0DC603692057,2026-05-17T11:27:00,113.49,credit,cust321@ybl,success,quickmart247@oksbi
TXNA7453249FF2D,2026-05-17T13:20:00,59.13,credit,cust272@ybl,success,quickmart247@oksbi
TXN77EB97592186,2026-05-17T18:38:00,51.35,credit,payer54@paytm,success,quickmart247@oksbi
TXN79AA4C589790,2026-05-17T20:32:00,101.07,credit,payer216@paytm,success,quickmart247@oksbi
TXN002836946EDF,2026-05-17T21:31:00,58.39,credit,cust392@ybl,success,quickmart247@oksbi
TXN231B5F3BC1CE,2026-05-18T09:10:00,104.13,credit,user3@okhdfc,success,quickmart247@oksbi
TXN1487A3225CE3,2026-05-18T12:47:00,108.87,credit,cust390@ybl,success,quickmart247@oksbi
TXNBFC0DDD55EE3,2026-05-18T18:48:00,145.28,credit,cust244@ybl,success,quickmart247@oksbi
TXN0A6145FFC808,2026-05-18T20:43:00,75.09,credit,cust336@ybl,success,quickmart247@oksbi
TXN2B22750D99AE,2026-05-19T13:55:00,54.85,credit,payer111@paytm,success,quickmart247@oksbi
TXN7513D4800D6B,2026-05-19T14:00:00,1314.25,debit,landlord@ybl,success,quickmart247@oksbi
TXN2B17D04A025E,2026-05-19T16:12:00,56.45,credit,user242@okhdfc,success,quickmart247@oksbi
TXN445B1FBD49E5,2026-05-19T20:29:00,135.09,credit,payer93@paytm,success,quickmart247@oksbi
TXN8A07A24528E5,2026-05-20T13:04:00,20,credit,user217@okhdfc,success,quickmart247@oksbi
TXNB2E062C72E0C,2026-05-20T19:36:00,54.6,credit,cust307@ybl,success,quickmart247@oksbi
TXN6B2BA7B78BAD,2026-05-20T21:01:00,99.03,credit,payer196@paytm,success,quickmart247@oksbi
TXNF32F3D94DCF6,2026-05-21T09:02:00,100.73,credit,cust374@ybl,success,quickmart247@oksbi
TXN79170C7423DA,2026-05-21T09:22:00,70.02,credit,user128@okhdfc,success,quickmart247@oksbi
TXN4363B5CA05E1,2026-05-21T10:06:00,72.49,credit,cust107@ybl,success,quickmart247@oksbi
TXNDC3EF6E398B9,2026-05-21T10:56:00,91.16,credit,cust88@ybl,success,quickmart247@oksbi
TXN38AFFCC6ADAF,2026-05-22T11:58:00,110.7,credit,payer111@paytm,success,quickmart247@oksbi
TXN356179F365A7,2026-05-22T12:06:00,106.14,credit,user233@okhdfc,success,quickmart247@oksbi
TXN2EBCC0266C02,2026-05-22T12:20:00,107.97,credit,user134@okhdfc,success,quickmart247@oksbi
TXNA9751CD88D77,2026-05-22T14:52:00,131.54,credit,payer333@paytm,success,quickmart247@oksbi
TXN39E72FABB874,2026-05-22T16:32:00,53.68,credit,cust336@ybl,success,quickmart247@oksbi
TXN076186556FFF,2026-05-22T18:07:00,79.8,credit,payer18@paytm,success,quickmart247@oksbi
TXNEF333FD6FF15,2026-05-23T11:58:00,102.95,credit,payer329@paytm,success,quickmart247@oksbi
TXNEFC85C650F4F,2026-05-23T14:39:00,57.47,credit,cust168@ybl,success,quickmart247@oksbi
TXN34E47583137D,2026-05-23T15:05:00,138.86,credit,user134@okhdfc,success,quickmart247@oksbi
TXN9C25822A6B90,2026-05-23T16:46:00,149.31,credit,cust130@ybl,success,quickmart247@oksbi
TXN47721DA888BD,2026-05-23T19:35:00,41.98,credit,payer129@paytm,success,quickmart247@oksbi
TXN6D9A3B4BB0BA,2026-05-23T21:47:00,142.93,credit,cust131@ybl,success,quickmart247@oksbi
TXN80C18071E7FA,2026-05-24T09:38:00,46.27,credit,payer54@paytm,success,quickmart247@oksbi
TXNED819D257E34,2026-05-24T09:56:00,70.37,credit,payer259@paytm,success,quickmart247@oksbi
TXN032F6097C773,2026-05-24T11:00:00,90.92,credit,cust107@ybl,success,quickmart247@oksbi
TXNAB4E8D778332,2026-05-24T11:21:00,112.18,credit,cust131@ybl,success,quickmart247@oksbi
TXN81E74E4BB0AB,2026-05-24T14:00:00,575.79,debit,landlord@ybl,success,quickmart247@oksbi
TXN72480CF946A4,2026-05-24T14:31:00,109.39,credit,cust307@ybl,success,quickmart247@oksbi
TXNF0CCE53DAFCB,2026-05-24T15:17:00,165.66,credit,user117@okhdfc,success,quickmart247@oksbi
TXN5874D32DDADB,2026-05-24T17:44:00,75.58,credit,user217@okhdfc,success,quickmart247@oksbi
TXND729343E90E6,2026-05-24T18:33:00,49.24,credit,cust55@ybl,success,quickmart247@oksbi
TXN5DC862ADFD97,2026-05-25T11:10:00,59.85,credit,payer168@paytm,success,quickmart247@oksbi
TXN32326F760E6D,2026-05-25T20:25:00,124.94,credit,cust11@ybl,success,quickmart247@oksbi
TXND86B5DA7A2A5,2026-05-25T20:52:00,99.16,credit,cust346@ybl,success,quickmart247@oksbi
TXN8EEF0651E451,2026-05-26T08:42:00,93.73,credit,user388@okhdfc,success,quickmart247@oksbi
TXNE825BE8F35BD,2026-05-26T10:58:00,93.52,credit,cust392@ybl,success,quickmart247@oksbi
TXN894F2B883068,2026-05-26T13:43:00,64.53,credit,cust39@ybl,success,quickmart247@oksbi
TXN04C55AC91872,2026-05-26T14:22:00,104.69,credit,user395@okhdfc,success,quickmart247@oksbi
TXN1F21EF55FF9D,2026-05-26T15:04:00,122.49,credit,payer18@paytm,success,quickmart247@oksbi
TXND19519411F87,2026-05-26T15:13:00,81.86,credit,cust301@ybl,success,quickmart247@oksbi
TXNB0464C255DD3,2026-05-26T16:23:00,80.43,credit,payer56@paytm,success,quickmart247@oksbi
TXNABBC2DB69EEA,2026-05-27T11:06:00,24.29,credit,payer333@paytm,success,quickmart247@oksbi
TXNDD79A48B42D4,2026-05-27T13:45:00,98.06,credit,cust130@ybl,success,quickmart247@oksbi
TXNB057D998B26B,2026-05-27T17:48:00,85.47,credit,payer54@paytm,success,quickmart247@oksbi
TXN2FF4990297EA,2026-05-27T21:33:00,20,credit,user240@okhdfc,success,quickmart247@oksbi
TXNE0A9631C4730,2026-05-28T08:43:00,160.67,credit,user117@okhdfc,success,quickmart247@oksbi
TXNE87436E3F178,2026-05-28T08:48:00,149.26,credit,user30@okhdfc,success,quickmart247@oksbi
TXN6322EBBAD7B5,2026-05-28T09:45:00,84.46,credit,user134@okhdfc,success,quickmart247@oksbi
TXN49F3F3A19F1D,2026-05-28T19:06:00,48.48,credit,cust390@ybl,success,quickmart247@oksbi
TXN7C24D7FE9310,2026-05-28T21:39:00,128.39,credit,payer318@paytm,success,quickmart247@oksbi
TXN2F0D44F04CBC,2026-05-29T10:10:00,130.33,credit,user217@okhdfc,success,quickmart247@oksbi
TXNA9600A016AD1,2026-05-29T11:44:00,78.21,credit,payer111@paytm,success,quickmart247@oksbi
TXN001C24653F58,2026-05-29T13:13:00,114.94,credit,payer196@paytm,success,quickmart247@oksbi
TXN0C03D3F678DF,2026-05-29T14:58:00,115.05,credit,user242@okhdfc,success,quickmart247@oksbi
TXN06A5C9007CC7,2026-05-30T09:29:00,92.38,credit,cust307@ybl,success,quickmart247@oksbi
TXNC4AD65C0DFEF,2026-05-30T14:07:00,102.47,credit,cust390@ybl,success,quickmart247@oksbi
TXN3B4C546AC179,2026-05-30T14:32:00,28.77,credit,payer329@paytm,success,quickmart247@oksbi
TXN27CC767316EE,2026-05-30T14:33:00,109.06,credit,cust350@ybl,success,quickmart247@oksbi
TXNA0B5BFD846E7,2026-05-30T16:41:00,108.96,credit,cust374@ybl,success,quickmart247@oksbi
TXN4FCC568339CF,2026-05-30T17:44:00,72.67,credit,user233@okhdfc,success,quickmart247@oksbi
TXN22C87EAC49A4,2026-05-31T08:10:00,151.31,credit,payer54@paytm,failed,quickmart247@oksbi
TXNA6A6ED35F76E,2026-06-01T10:42:00,93.37,credit,payer129@paytm,success,quickmart247@oksbi
TXNCC2E8C5DFB0A,2026-06-01T13:39:00,57.26,credit,user388@okhdfc,success,quickmart247@oksbi
TXN3CC5BD3F78E5,2026-06-01T13:55:00,49.08,credit,cust2@ybl,success,quickmart247@oksbi
TXNDF3B1290AD91,2026-06-01T15:38:00,127.53,credit,payer174@paytm,success,quickmart247@oksbi
TXN1C88C06A7DBA,2026-06-01T15:48:00,71.88,credit,user3@okhdfc,success,quickmart247@oksbi
TXN16C748CAE916,2026-06-02T09:12:00,119.41,credit,payer168@paytm,success,quickmart247@oksbi
TXN92485815C969,2026-06-02T10:02:00,94.75,credit,payer209@paytm,success,quickmart247@oksbi
TXNE925D836382A,2026-06-02T11:01:00,104.1,credit,cust244@ybl,failed,quickmart247@oksbi
TXNF0642DF01E17,2026-06-02T11:01:00,100.86,credit,user30@okhdfc,success,quickmart247@oksbi
TXNF8DFD07186EE,2026-06-02T16:14:00,60.75,credit,cust374@ybl,success,quickmart247@oksbi
TXNE3120506DA08,2026-06-02T20:26:00,72.19,credit,payer329@paytm,success,quickmart247@oksbi
TXNF56E6A865E56,2026-06-02T20:44:00,126.85,credit,payer93@paytm,success,quickmart247@oksbi
TXN548B584C74F1,2026-06-03T10:13:00,113.73,credit,payer333@paytm,success,quickmart247@oksbi
TXN0731B550D906,2026-06-03T12:44:00,58.04,credit,payer129@paytm,success,quickmart247@oksbi
TXN8DC7C2849FBF,2026-06-03T13:05:00,96.21,credit,cust168@ybl,success,quickmart247@oksbi
TXNFC7FA60535B2,2026-06-03T14:19:00,76.33,credit,cust131@ybl,success,quickmart247@oksbi
TXN6F85ACBC8589,2026-06-03T21:19:00,143.68,credit,payer129@paytm,success,quickmart247@oksbi
TXN0F70FA25FCF6,2026-06-03T21:24:00,50.34,credit,payer209@paytm,success,quickmart247@oksbi
TXN7390B6A58E40,2026-06-04T10:07:00,119.65,credit,payer120@paytm,success,quickmart247@oksbi
TXN7E49B8483C63,2026-06-04T12:05:00,66.14,credit,cust131@ybl,success,quickmart247@oksbi
TXN01A3D45DEA83,2026-06-04T13:35:00,66.91,credit,user185@okhdfc,success,quickmart247@oksbi
TXN39158D330835,2026-06-04T16:13:00,55.02,credit,payer111@paytm,failed,quickmart247@oksbi
TXN5DF12612552E,2026-06-04T17:13:00,141.28,credit,user248@okhdfc,success,quickmart247@oksbi
TXN3AE946D2E8FC,2026-06-04T19:41:00,173.71,credit,payer269@paytm,success,quickmart247@oksbi
TXNB8015DFDC902,2026-06-05T10:24:00,66.0,credit,payer56@paytm,success,quickmart247@oksbi
TXNB725F015A07B,2026-06-05T12:10:00,118.17,credit,user185@okhdfc,success,quickmart247@oksbi
TXN67D5786751CB,2026-06-05T12:43:00,117.25,credit,user217@okhdfc,success,quickmart247@oksbi
TXN3BF3B0107785,2026-06-05T15:26:00,155.78,credit,cust131@ybl,success,quickmart247@oksbi
TXN60F302DD12F3,2026-06-05T15:40:00,108.13,credit,payer147@paytm,failed,quickmart247@oksbi
TXN6FB2040F8BAD,2026-06-05T17:07:00,104.44,credit,payer346@paytm,success,quickmart247@oksbi
TXND1DC63FE34FB,2026-06-05T17:40:00,70.53,credit,user388@okhdfc,success,quickmart247@oksbi
TXN0A16964F24C2,2026-06-05T18:19:00,61.43,credit,user128@okhdfc,success,quickmart247@oksbi
TXNEF21DCBF1182,2026-06-05T19:14:00,151.61,credit,payer129@paytm,success,quickmart247@oksbi
TXNB03B313FD2C3,2026-06-05T20:35:00,91.85,credit,user248@okhdfc,success,quickmart247@oksbi
TXNAD50F6DF21DE,2026-06-06T08:10:00,84.16,credit,user240@okhdfc,success,quickmart247@oksbi
TXNB044C6996BA0,2026-06-06T09:18:00,122.87,credit,user295@okhdfc,success,quickmart247@oksbi
TXN7F9299FE99D0,2026-06-06T21:34:00,121.11,credit,cust374@ybl,success,quickmart247@oksbi
TXN681879C0A42D,2026-06-07T10:25:00,179.99,credit,payer264@paytm,failed,quickmart247@oksbi
TXN92D88B550D60,2026-06-07T19:02:00,99.2,credit,user30@okhdfc,success,quickmart247@oksbi
TXNAB04E277CF92,2026-06-08T10:39:00,74.28,credit,user217@okhdfc,success,quickmart247@oksbi
TXN5667DD907EEC,2026-06-08T17:20:00,112.64,credit,cust24@ybl,success,quickmart247@oksbi
TXNBA96FC338E30,2026-06-08T20:00:00,124.56,credit,user217@okhdfc,success,quickmart247@oksbi
TXN6D5882D9D5B6,2026-06-09T16:32:00,79.43,credit,user240@okhdfc,success,quickmart247@oksbi
TXN8251D37073E1,2026-06-09T17:00:00,88.13,credit,cust140@ybl,success,quickmart247@oksbi
TXNF3DE5EFA644B,2026-06-09T19:30:00,93.65,credit,cust362@ybl,success,quickmart247@oksbi
TXNEB8BA36E0B49,2026-06-10T10:30:00,110.12,credit,user311@okhdfc,success,quickmart247@oksbi
TXNAAB097A3B7AB,2026-06-10T10:57:00,99.65,credit,payer259@paytm,success,quickmart247@oksbi
TXNF12CE4E988E5,2026-06-10T21:21:00,138.33,credit,cust245@ybl,success,quickmart247@oksbi
TXNB1758D5EAF34,2026-06-11T08:29:00,73.08,credit,user233@okhdfc,success,quickmart247@oksbi
TXN609681E4CB00,2026-06-11T11:23:00,78.88,credit,payer129@paytm,success,quickmart247@oksbi
TXN4F4581DEF207,2026-06-11T13:04:00,46.97,credit,cust244@ybl,success,quickmart247@oksbi
TXN04A67394FBB4,2026-06-11T18:48:00,67.61,credit,cust244@ybl,success,quickmart247@oksbi
TXN072FA69BC034,2026-06-12T12:43:00,26.75,credit,cust390@ybl,success,quickmart247@oksbi
TXN48EB647A0B34,2026-06-12T15:34:00,124.75,credit,cust307@ybl,success,quickmart247@oksbi
TXN09B1810520F8,2026-06-12T18:35:00,88.09,credit,cust2@ybl,success,quickmart247@oksbi
TXNCA9F707A5E0E,2026-06-12T20:54:00,98.14,credit,cust107@ybl,success,quickmart247@oksbi
TXN3981A531AF9C,2026-06-12T21:42:00,50.72,credit,payer54@paytm,success,quickmart247@oksbi
TXN723EA279B470,2026-06-13T09:04:00,111.7,credit,user134@okhdfc,success,quickmart247@oksbi
TXNDAA231FD99E1,2026-06-13T09:37:00,20,credit,user335@okhdfc,success,quickmart247@oksbi
TXNE776EEE18C60,2026-06-13T10:52:00,113.59,credit,cust131@ybl,failed,quickmart247@oksbi
TXNDE9AB12B897D,2026-06-13T16:40:00,47.66,credit,cust301@ybl,success,quickmart247@oksbi
TXN28F34E506102,2026-06-14T09:18:00,111.69,credit,payer174@paytm,success,quickmart247@oksbi
TXN4D48397E2972,2026-06-14T09:48:00,78.45,credit,user117@okhdfc,success,quickmart247@oksbi
TXN0116189BE3F8,2026-06-14T10:28:00,76.09,credit,cust390@ybl,success,quickmart247@oksbi
TXN02BD099EF067,2026-06-14T11:01:00,56.73,credit,user335@okhdfc,success,quickmart247@oksbi
TXNBEBA962E5EAF,2026-06-14T17:35:00,156.37,credit,cust88@ybl,success,quickmart247@oksbi
TXNF4006D7488E3,2026-06-14T18:16:00,82.27,credit,cust216@ybl,success,quickmart247@oksbi
TXNF8C86176D339,2026-06-14T20:17:00,103.66,credit,cust342@ybl,success,quickmart247@oksbi
TXN7CA022CD41FF,2026-06-15T14:14:00,137.97,credit,cust374@ybl,success,quickmart247@oksbi
TXN0EC130788BCC,2026-06-15T16:47:00,48.36,credit,user134@okhdfc,success,quickmart247@oksbi
TXN870A48D6FD09,2026-06-15T18:26:00,68.51,credit,payer18@paytm,success,quickmart247@oksbi
TXNC21C941D8B2C,2026-06-16T11:33:00,79.41,credit,payer54@paytm,success,quickmart247@oksbi
TXNB9A8F2613959,2026-06-16T13:08:00,75.61,credit,cust130@ybl,success,quickmart247@oksbi
TXNF849080D7364,2026-06-16T15:26:00,82.46,credit,cust244@ybl,success,quickmart247@oksbi
TXNE4B5DF8F4F1C,2026-06-16T15:45:00,146.63,credit,cust2@ybl,success,quickmart247@oksbi
TXN655A7A1D07D8,2026-06-17T08:50:00,111.98,credit,user248@okhdfc,success,quickmart247@oksbi
TXNCB27E57370D0,2026-06-17T09:21:00,110.89,credit,cust362@ybl,success,quickmart247@oksbi
TXNF35602D29185,2026-06-17T11:06:00,2500,credit,user134@okhdfc,success,quickmart247@oksbi
TXN41978D88A524,2026-06-17T11:07:00,500,credit,cust2@ybl,success,quickmart247@oksbi
TXN1B7389F41A62,2026-06-17T11:08:00,500,credit,cust2@ybl,success,quickmart247@oksbi
TXNAA9EB8B93C7D,2026-06-17T11:09:00,2000,credit,user134@okhdfc,success,quickmart247@oksbi
TXNCA76FECEABF6,2026-06-17T11:10:00,1000,credit,cust2@ybl,success,quickmart247@oksbi
TXN84FACCB1C618,2026-06-17T11:11:00,1500,credit,cust2@ybl,success,quickmart247@oksbi
TXN1EAE5276952D,2026-06-17T11:12:00,1500,credit,cust2@ybl,success,quickmart247@oksbi
TXNE50BBBDF5FDD,2026-06-17T11:13:00,2500,credit,user134@okhdfc,success,quickmart247@oksbi
TXN20FCE85B1CD4,2026-06-17T11:14:00,2500,credit,cust2@ybl,success,quickmart247@oksbi
TXN01619FB21A91,2026-06-17T11:15:00,500,credit,cust2@ybl,success,quickmart247@oksbi
TXNC56E50F353D7,2026-06-17T11:16:00,500,credit,user134@okhdfc,success,quickmart247@oksbi
TXNB525B0116F97,2026-06-17T11:17:00,1000,credit,cust2@ybl,success,quickmart247@oksbi
TXN926D37403D62,2026-06-17T14:18:00,130.6,credit,cust374@ybl,success,quickmart247@oksbi
TXN7C3880EF08DD,2026-06-17T18:55:00,132.81,credit,cust350@ybl,success,quickmart247@oksbi
TXN17C26A823695,2026-06-17T20:30:00,55.11,credit,user30@okhdfc,success,quickmart247@oksbi
TXNF0AF3D200025,2026-06-18T15:33:00,53.06,credit,cust374@ybl,success,quickmart247@oksbi
TXNF52C59CB514C,2026-06-18T19:14:00,2000,credit,user134@okhdfc,success,quickmart247@oksbi
TXN569D26D2AE51,2026-06-18T19:15:00,1500,credit,cust2@ybl,success,quickmart247@oksbi
TXNE769DC53C908,2026-06-18T19:16:00,500,credit,cust2@ybl,success,quickmart247@oksbi
TXN48DE8EEBFD33,2026-06-18T19:17:00,2000,credit,user134@okhdfc,success,quickmart247@oksbi
TXNC5C831948BA3,2026-06-18T19:18:00,500,credit,cust2@ybl,success,quickmart247@oksbi
TXN2FB8C8F16765,2026-06-18T19:19:00,1000,credit,cust2@ybl,success,quickmart247@oksbi
TXND34C3AE5FC01,2026-06-18T19:20:00,500,credit,cust2@ybl,success,quickmart247@oksbi
TXNDC69D9A1659D,2026-06-18T19:21:00,500,credit,cust2@ybl,success,quickmart247@oksbi
TXN66DEED5DC436,2026-06-18T19:22:00,1500,credit,cust2@ybl,success,quickmart247@oksbi
TXNA9587F13A87C,2026-06-18T19:23:00,1500,credit,cust2@ybl,success,quickmart247@oksbi
TXNB7C10A93EF2E,2026-06-18T21:24:00,111.53,credit,user295@okhdfc,success,quickmart247@oksbi
TXNEFBC3A661EE4,2026-06-18T21:29:00,117.9,credit,cust392@ybl,success,quickmart247@oksbi
TXNF6544A4A0020,2026-06-18T21:39:00,132.44,credit,cust342@ybl,success,quickmart247@oksbi
TXN3E7FC18A0F9A,2026-06-19T08:17:00,86.2,credit,cust24@ybl,success,quickmart247@oksbi
TXNAF9B500679B1,2026-06-19T09:37:00,80.51,credit,cust2@ybl,success,quickmart247@oksbi
TXNB571EC365F7C,2026-06-19T10:00:00,205.4,debit,landlord@ybl,success,quickmart247@oksbi
TXNF9E144F810CF,2026-06-19T15:34:00,32.84,credit,cust107@ybl,success,quickmart247@oksbi
TXN68143799FF02,2026-06-19T17:59:00,67.15,credit,cust130@ybl,success,quickmart247@oksbi
TXN6535CC430D50,2026-06-19T19:38:00,1500,credit,cust2@ybl,success,quickmart247@oksbi
TXN4CCCA9878248,2026-06-19T19:39:00,500,credit,user134@okhdfc,success,quickmart247@oksbi
TXN383191F3F2C2,2026-06-19T19:40:00,1500,credit,cust2@ybl,success,quickmart247@oksbi
TXN126A057DC04F,2026-06-19T19:41:00,2500,credit,cust2@ybl,success,quickmart247@oksbi
TXN4D577F13F012,2026-06-19T19:42:00,500,credit,user134@okhdfc,success,quickmart247@oksbi
TXNEA5A03085F30,2026-06-19T19:43:00,1000,credit,cust2@ybl,success,quickmart247@oksbi
TXNEAC4558CBD04,2026-06-19T19:44:00,1000,credit,cust2@ybl,success,quickmart247@oksbi
TXND9D00B98D6C0,2026-06-19T19:45:00,2000,credit,cust2@ybl,success,quickmart247@oksbi
TXN77C66E585A5D,2026-06-19T19:46:00,2000,credit,user134@okhdfc,success,quickmart247@oksbi
TXN77F77B557CFC,2026-06-20T08:59:00,143.03,credit,user388@okhdfc,success,quickmart247@oksbi
TXN540FA6493B1C,2026-06-20T15:08:00,2500,credit,user134@okhdfc,success,quickmart247@oksbi
TXN007CA3A3944F,2026-06-20T15:09:00,2500,credit,cust2@ybl,success,quickmart247@oksbi
TXN74A11B3EBB18,2026-06-20T15:10:00,2500,credit,cust2@ybl,success,quickmart247@oksbi
TXN95B837D439A9,2026-06-20T15:11:00,2500,credit,user134@okhdfc,success,quickmart247@oksbi
TXN53816D1F6AC9,2026-06-20T15:12:00,2500,credit,user134@okhdfc,success,quickmart247@oksbi
TXN2C51C0039259,2026-06-20T15:13:00,1000,credit,cust2@ybl,success,quickmart247@oksbi
TXNDBFCE9330E3B,2026-06-20T15:14:00,1500,credit,user134@okhdfc,success,quickmart247@oksbi
TXNE08598776F9F,2026-06-20T15:15:00,500,credit,user134@okhdfc,success,quickmart247@oksbi
TXNFC7034375DDD,2026-06-20T15:16:00,1500,credit,user134@okhdfc,success,quickmart247@oksbi
TXN09367B85DF83,2026-06-20T15:17:00,1000,credit,user134@okhdfc,success,quickmart247@oksbi
TXN7177E5D1EA52,2026-06-20T15:18:00,2000,credit,user134@okhdfc,success,quickmart247@oksbi
TXN3D6A41D0694C,2026-06-20T15:19:00,1000,credit,user134@okhdfc,success,quickmart247@oksbi
TXN725D6E4DDD9A,2026-06-20T18:00:00,489.17,debit,landlord@ybl,success,quickmart247@oksbi
TXN96AE5F7A5014,2026-06-20T21:26:00,126.37,credit,cust392@ybl,success,quickmart247@oksbi
TXN9720539A8668,2026-06-21T08:45:00,69.1,credit,payer129@paytm,success,quickmart247@oksbi
TXN76F627EDE10A,2026-06-21T18:17:00,61.19,credit,cust2@ybl,success,quickmart247@oksbi
TXNEB8FC410D3C2,2026-06-21T19:01:00,500,credit,user134@okhdfc,success,quickmart247@oksbi
TXNCE0FA349ECA5,2026-06-21T19:02:00,2000,credit,user134@okhdfc,success,quickmart247@oksbi
TXND79AA1EDE0B5,2026-06-21T19:03:00,1000,credit,user134@okhdfc,success,quickmart247@oksbi
TXN7702C14E0114,2026-06-21T19:04:00,1000,credit,user134@okhdfc,success,quickmart247@oksbi
TXND2E3C559B92A,2026-06-21T19:05:00,2500,credit,cust2@ybl,success,quickmart247@oksbi
TXN52D93B931403,2026-06-21T19:06:00,2500,credit,user134@okhdfc,success,quickmart247@oksbi
TXN9FCCFC966BA9,2026-06-21T19:07:00,1500,credit,cust2@ybl,success,quickmart247@oksbi
TXN7E1C4409BE21,2026-06-21T19:08:00,500,credit,user134@okhdfc,success,quickmart247@oksbi
TXN2DAE2DB85F4A,2026-06-21T21:12:00,36.19,credit,payer107@paytm,success,quickmart247@oksbi
TXNE9999C2F8BB8,2026-06-22T09:43:00,123.48,credit,user119@okhdfc,success,quickmart247@oksbi
TXN4B6F27B1827D,2026-06-22T10:00:00,870.44,debit,landlord@ybl,success,quickmart247@oksbi
TXN980AD8CBC510,2026-06-22T10:02:00,153.98,credit,payer107@paytm,success,quickmart247@oksbi
TXN5742A98F05D1,2026-06-22T11:06:00,1500,credit,cust2@ybl,success,quickmart247@oksbi
TXN4EEE7780C3EA,2026-06-22T11:07:00,1500,credit,cust2@ybl,success,quickmart247@oksbi
TXNDD7188FD2ED6,2026-06-22T11:08:00,2000,credit,user134@okhdfc,success,quickmart247@oksbi
TXN15C4E5FA7F2E,2026-06-22T11:09:00,2000,credit,cust2@ybl,success,quickmart247@oksbi
TXN1EBD5BA1069C,2026-06-22T11:10:00,1500,credit,cust2@ybl,success,quickmart247@oksbi
TXNE61B0F13DFAA,2026-06-22T11:11:00,1000,credit,user134@okhdfc,success,quickmart247@oksbi
TXN63B3D695B665,2026-06-22T11:12:00,2000,credit,user134@okhdfc,success,quickmart247@oksbi
TXNDCB14B4E0618,2026-06-22T11:13:00,500,credit,user134@okhdfc,success,quickmart247@oksbi
TXN5E087D3812F5,2026-06-22T11:14:00,500,credit,user134@okhdfc,success,quickmart247@oksbi
TXNF3D78D46BBF9,2026-06-22T11:15:00,1000,credit,cust2@ybl,success,quickmart247@oksbi
TXNF84C85EAF85D,2026-06-22T11:16:00,2500,credit,user134@okhdfc,success,quickmart247@oksbi
TXN3F6821A30266,2026-06-22T11:17:00,2500,credit,user134@okhdfc,success,quickmart247@oksbi
TXN6C859F9E6589,2026-06-22T15:06:00,47.91,credit,user30@okhdfc,success,quickmart247@oksbi
TXN61ACE8D7EC54,2026-06-22T19:29:00,104.56,credit,user134@okhdfc,success,quickmart247@oksbi
TXN991C32BB9AD3,2026-06-22T21:26:00,20,credit,cust88@ybl,success,quickmart247@oksbi
TXND55ED8995274,2026-06-23T12:13:00,36.45,credit,cust245@ybl,success,quickmart247@oksbi
TXN640802252DBF,2026-06-23T15:34:00,48.66,credit,cust107@ybl,success,quickmart247@oksbi
TXNC043267CDA43,2026-06-23T16:47:00,93.37,credit,user388@okhdfc,success,quickmart247@oksbi
TXN22A08812E8B5,2026-06-23T19:15:00,500,credit,cust2@ybl,success,quickmart247@oksbi
TXN0BED78AA2AD1,2026-06-23T19:16:00,1500,credit,cust2@ybl,success,quickmart247@oksbi
TXN07C979D99D18,2026-06-23T19:17:00,500,credit,cust2@ybl,success,quickmart247@oksbi
TXN69B1AAB4B452,2026-06-23T19:18:00,2000,credit,cust2@ybl,success,quickmart247@oksbi
TXNDF1EB1FDF46F,2026-06-23T19:19:00,1500,credit,user134@okhdfc,success,quickmart247@oksbi
TXN2FD6F9A4BEAF,2026-06-23T19:20:00,2500,credit,user134@okhdfc,success,quickmart247@oksbi
TXN956EF6032A4A,2026-06-23T19:21:00,500,credit,cust2@ybl,success,quickmart247@oksbi
TXNC4A8552288A9,2026-06-23T19:22:00,500,credit,user134@okhdfc,success,quickmart247@oksbi
TXN16A29654A17E,2026-06-23T19:23:00,2000,credit,user134@okhdfc,success,quickmart247@oksbi
TXN834411B321C9,2026-06-23T19:44:00,58.79,credit,cust374@ybl,failed,quickmart247@oksbi
TXNB1577A5995DE,2026-06-24T08:17:00,59.2,credit,cust55@ybl,success,quickmart247@oksbi
TXN40B2A1217446,2026-06-24T08:43:00,90.17,credit,user295@okhdfc,success,quickmart247@oksbi
TXN64AAD7EE90BE,2026-06-24T09:33:00,100.3,credit,user217@okhdfc,success,quickmart247@oksbi
TXNE972DEAF058E,2026-06-24T10:43:00,53.1,credit,cust281@ybl,success,quickmart247@oksbi
TXN8F154D64A6E1,2026-06-24T12:33:00,31.53,credit,user185@okhdfc,success,quickmart247@oksbi
TXNB00507A22548,2026-06-24T14:05:00,25.61,credit,payer111@paytm,success,quickmart247@oksbi
TXN16B7B96C8A9C,2026-06-24T18:30:00,131.68,credit,user240@okhdfc,success,quickmart247@oksbi
TXNCBAC24748C79,2026-06-24T19:19:00,2000,credit,cust2@ybl,success,quickmart247@oksbi
TXN39DFF1C02C72,2026-06-24T19:20:00,1500,credit,cust2@ybl,success,quickmart247@oksbi
TXN89CC99FDB00A,2026-06-24T19:21:00,2500,credit,user134@okhdfc,success,quickmart247@oksbi
TXNC655157F4BD9,2026-06-24T19:22:00,2500,credit,user134@okhdfc,success,quickmart247@oksbi
TXN4DE40B131732,2026-06-24T19:23:00,1500,credit,cust2@ybl,success,quickmart247@oksbi
TXNAD3CC900DF8C,2026-06-24T19:24:00,1000,credit,cust2@ybl,success,quickmart247@oksbi
TXN3795E05FABAB,2026-06-24T19:25:00,1500,credit,user134@okhdfc,success,quickmart247@oksbi
TXN2D295525865D,2026-06-24T19:26:00,2000,credit,cust2@ybl,success,quickmart247@oksbi
TXN39B341E136BC,2026-06-24T19:27:00,500,credit,user134@okhdfc,success,quickmart247@oksbi
TXN84AADBD8C085,2026-06-24T19:28:00,500,credit,user134@okhdfc,success,quickmart247@oksbi
TXN1D0142C191FE,2026-06-24T19:29:00,1500,credit,user134@okhdfc,success,quickmart247@oksbi
TXN16B25F9C7EEF,2026-06-24T19:30:00,500,credit,user134@okhdfc,success,quickmart247@oksbi
TXN0A67C9709888,2026-06-24T19:31:00,2000,credit,user134@okhdfc,success,quickmart247@oksbi
TXN20B6D6D6B40D,2026-06-24T19:59:00,70.35,credit,user240@okhdfc,success,quickmart247@oksbi
TXN5A053CCDD360,2026-06-25T10:01:00,97.53,credit,payer346@paytm,success,quickmart247@oksbi
TXND189B23B094F,2026-06-25T10:34:00,20.74,credit,user102@okhdfc,success,quickmart247@oksbi
TXNF9E17F51F1B7,2026-06-25T11:19:00,2000,credit,user134@okhdfc,success,quickmart247@oksbi
TXN37831955DA48,2026-06-25T11:20:00,1500,credit,cust2@ybl,success,quickmart247@oksbi
TXN30B84BA7885C,2026-06-25T11:21:00,2500,credit,user134@okhdfc,success,quickmart247@oksbi
TXN6885025BC9B0,2026-06-25T11:22:00,1000,credit,user134@okhdfc,success,quickmart247@oksbi
TXNAFAFD134C482,2026-06-25T11:23:00,2000,credit,user134@okhdfc,success,quickmart247@oksbi
TXN43F0B69B009A,2026-06-25T11:24:00,1000,credit,cust2@ybl,success,quickmart247@oksbi
TXND1A545C2E0AE,2026-06-25T11:25:00,1000,credit,user134@okhdfc,success,quickmart247@oksbi
TXN71048B749D77,2026-06-25T11:26:00,1000,credit,user134@okhdfc,success,quickmart247@oksbi
TXN6DF66BD92D74,2026-06-25T16:42:00,117.9,credit,payer54@paytm,success,quickmart247@oksbi
TXNA4D8AD441057,2026-06-25T17:12:00,76.51,credit,payer107@paytm,success,quickmart247@oksbi
TXN4C20A67DE73D,2026-06-25T20:55:00,140.48,credit,cust307@ybl,success,quickmart247@oksbi
TXN32E8F73AFD00,2026-06-25T21:01:00,143.84,credit,cust346@ybl,success,quickmart247@oksbi
TXN906DC1D9421F,2026-06-25T21:42:00,77.78,credit,user248@okhdfc,success,quickmart247@oksbi
TXN8E07F6F6D7C9,2026-06-26T08:55:00,143.59,credit,cust24@ybl,success,quickmart247@oksbi
TXN09D957294021,2026-06-26T14:00:00,251.52,debit,landlord@ybl,success,quickmart247@oksbi
TXNB2B64ACC10BA,2026-06-26T15:18:00,2500,credit,user134@okhdfc,success,quickmart247@oksbi
TXNC3EF3E469EBB,2026-06-26T15:19:00,500,credit,user134@okhdfc,success,quickmart247@oksbi
TXNA1D9B27ACE61,2026-06-26T15:20:00,2000,credit,user134@okhdfc,success,quickmart247@oksbi
TXNF6F7847F90F9,2026-06-26T15:21:00,500,credit,cust2@ybl,success,quickmart247@oksbi
TXN28AEA782E564,2026-06-26T15:22:00,2500,credit,user134@okhdfc,success,quickmart247@oksbi
TXN58AD27A28FEB,2026-06-26T15:23:00,2500,credit,cust2@ybl,success,quickmart247@oksbi
TXNF9C229227257,2026-06-26T15:24:00,2500,credit,cust2@ybl,success,quickmart247@oksbi
TXNAC99E3CA760D,2026-06-26T15:25:00,2000,credit,user134@okhdfc,success,quickmart247@oksbi
TXNBC6A395C0D69,2026-06-26T15:26:00,2000,credit,user134@okhdfc,success,quickmart247@oksbi
TXN6F22C7CF5578,2026-06-26T15:27:00,2000,credit,cust2@ybl,success,quickmart247@oksbi
TXN3D87BDCBAE85,2026-06-26T15:28:00,2500,credit,cust2@ybl,success,quickmart247@oksbi
TXN5BDA7B1A6ADB,2026-06-26T15:29:00,500,credit,user134@okhdfc,success,quickmart247@oksbi
TXN79DF49E20851,2026-06-26T20:18:00,119.83,credit,cust55@ybl,success,quickmart247@oksbi
TXND4E9A566ADB6,2026-06-26T20:57:00,92.16,credit,payer196@paytm,success,quickmart247@oksbi
TXN7051E393ACEC,2026-06-27T10:04:00,67.55,credit,payer333@paytm,success,quickmart247@oksbi
TXN81A50F5DAE90,2026-06-27T14:43:00,129.43,credit,user30@okhdfc,success,quickmart247@oksbi
TXN67B95BF3254F,2026-06-27T15:23:00,1000,credit,cust2@ybl,success,quickmart247@oksbi
TXN21D67581EE70,2026-06-27T15:24:00,1000,credit,cust2@ybl,success,quickmart247@oksbi
TXN08DCAA556EC3,2026-06-27T15:25:00,2000,credit,cust2@ybl,success,quickmart247@oksbi
TXN1B3A69619243,2026-06-27T15:26:00,2500,credit,user134@okhdfc,success,quickmart247@oksbi
TXNA7C7A3F200EE,2026-06-27T15:27:00,2500,credit,cust2@ybl,success,quickmart247@oksbi
TXNAF107EB5EEC8,2026-06-27T15:28:00,2500,credit,cust2@ybl,success,quickmart247@oksbi
TXN8A83951653CB,2026-06-27T15:29:00,1500,credit,cust2@ybl,success,quickmart247@oksbi
TXN66F7413D8A82,2026-06-27T15:30:00,2000,credit,cust2@ybl,success,quickmart247@oksbi
TXNC0F8E3EC0B4C,2026-06-27T15:31:00,500,credit,cust2@ybl,success,quickmart247@oksbi
TXN7113D9089C38,2026-06-27T15:32:00,2000,credit,cust2@ybl,success,quickmart247@oksbi
TXND9BFE48635D7,2026-06-27T15:33:00,500,credit,user134@okhdfc,success,quickmart247@oksbi
TXN2390BD4EA06D,2026-06-27T17:02:00,138.89,credit,user335@okhdfc,success,quickmart247@oksbi
TXN92EA550CE381,2026-06-27T19:21:00,93.54,credit,user240@okhdfc,success,quickmart247@oksbi
TXN4623E384E007,2026-06-27T19:28:00,36.75,credit,payer74@paytm,success,quickmart247@oksbi
TXNBC3554BF9E0E,2026-06-27T20:16:00,20.58,credit,user134@okhdfc,success,quickmart247@oksbi
TXNC90553A3C120,2026-06-28T10:57:00,70.74,credit,user102@okhdfc,success,quickmart247@oksbi
TXN2640DD5479C9,2026-06-28T11:17:00,2500,credit,user134@okhdfc,success,quickmart247@oksbi
TXN6CBED18F165D,2026-06-28T11:18:00,1000,credit,user134@okhdfc,success,quickmart247@oksbi
TXN6672BB72B9DC,2026-06-28T11:19:00,2500,credit,user134@okhdfc,success,quickmart247@oksbi
TXNF3500D79D1D7,2026-06-28T11:20:00,2000,credit,cust2@ybl,success,quickmart247@oksbi
TXN718BA60C5640,2026-06-28T11:21:00,1500,credit,user134@okhdfc,success,quickmart247@oksbi
TXNAEC3BB1A945B,2026-06-28T11:22:00,1500,credit,user134@okhdfc,success,quickmart247@oksbi
TXNB40A9703FF05,2026-06-28T11:23:00,1500,credit,user134@okhdfc,success,quickmart247@oksbi
TXNC9D14E09D726,2026-06-28T11:24:00,2000,credit,user134@okhdfc,success,quickmart247@oksbi
TXNAB384737233F,2026-06-28T11:41:00,111.12,credit,cust289@ybl,success,quickmart247@oksbi
TXNCD2B3987D4C4,2026-06-28T13:26:00,146.75,credit,payer168@paytm,success,quickmart247@oksbi
TXN691EBFA687C7,2026-06-28T16:20:00,121.87,credit,cust392@ybl,success,quickmart247@oksbi
TXNC07B7EE2AFB3,2026-06-29T09:25:00,47.6,credit,user248@okhdfc,success,quickmart247@oksbi
TXN3B34E4EB2322,2026-06-29T11:05:00,2000,credit,user134@okhdfc,success,quickmart247@oksbi
TXNDA4A8F72177B,2026-06-29T11:06:00,1000,credit,user134@okhdfc,success,quickmart247@oksbi
TXN42E96A2FC24B,2026-06-29T11:07:00,500,credit,user134@okhdfc,success,quickmart247@oksbi
TXN084D49DF978F,2026-06-29T11:08:00,1500,credit,user134@okhdfc,success,quickmart247@oksbi
TXN8BA25292CDA8,2026-06-29T11:09:00,2000,credit,user134@okhdfc,success,quickmart247@oksbi
TXN68DCE7E2FA8B,2026-06-29T11:10:00,1500,credit,user134@okhdfc,success,quickmart247@oksbi
TXNCA8474F22A2B,2026-06-29T11:11:00,2000,credit,user134@okhdfc,success,quickmart247@oksbi
TXNA6F7BDC79095,2026-06-29T11:12:00,2500,credit,cust2@ybl,success,quickmart247@oksbi
TXNAC70AE90AB13,2026-06-29T11:13:00,500,credit,user134@okhdfc,success,quickmart247@oksbi
TXNE623DA87DF1E,2026-06-29T11:14:00,1000,credit,cust2@ybl,success,quickmart247@oksbi
TXN0F5B1BBB6216,2026-06-29T11:15:00,2500,credit,cust2@ybl,success,quickmart247@oksbi
TXNE95FECF7BE7D,2026-06-29T11:16:00,1000,credit,user134@okhdfc,success,quickmart247@oksbi
TXNF7B438A43C2A,2026-06-29T12:24:00,134.97,credit,cust244@ybl,success,quickmart247@oksbi
TXNF383E857254E,2026-06-29T15:56:00,20,credit,cust346@ybl,success,quickmart247@oksbi
TXN7E66B6399B54,2026-06-29T17:11:00,49.5,credit,cust390@ybl,success,quickmart247@oksbi
TXNBD264C4C3642,2026-06-30T11:16:00,128.66,credit,cust214@ybl,success,quickmart247@oksbi
TXNDFA39B129E4E,2026-06-30T12:25:00,70.48,credit,cust24@ybl,success,quickmart247@oksbi
TXN7FD8B575308C,2026-06-30T12:57:00,22.03,credit,user217@okhdfc,success,quickmart247@oksbi
TXNB9E80B59E921,2026-06-30T13:43:00,125.08,credit,cust2@ybl,success,quickmart247@oksbi
TXN853F480A5D72,2026-06-30T14:42:00,29.13,credit,payer318@paytm,success,quickmart247@oksbi
TXN8FCD4023D4AD,2026-06-30T16:41:00,41.18,credit,user242@okhdfc,success,quickmart247@oksbi
TXN3C78FFAADCF3,2026-06-30T19:03:00,2500,credit,user134@okhdfc,success,quickmart247@oksbi
TXNF7DF2AAEF4FE,2026-06-30T19:04:00,1500,credit,user134@okhdfc,success,quickmart247@oksbi
TXN1F4EB5BA954C,2026-06-30T19:05:00,1500,credit,cust2@ybl,success,quickmart247@oksbi
TXN84A53FF7F66B,2026-06-30T19:06:00,2000,credit,user134@okhdfc,success,quickmart247@oksbi
TXN4448769BABD3,2026-06-30T19:07:00,500,credit,cust2@ybl,success,quickmart247@oksbi
TXN8D2CBEC0579B,2026-06-30T19:08:00,500,credit,user134@okhdfc,success,quickmart247@oksbi
TXNCB3B926F345A,2026-06-30T19:09:00,2500,credit,user134@okhdfc,success,quickmart247@oksbi
TXN0F2D3B1F73E4,2026-06-30T19:10:00,2500,credit,cust2@ybl,success,quickmart247@oksbi
TXN1C4664BAE611,2026-06-30T19:11:00,2000,credit,user134@okhdfc,success,quickmart247@oksbi
TXNB7CCB1BCC741,2026-06-30T19:12:00,500,credit,cust2@ybl,success,quickmart247@oksbi
TXN2612D018B8E6,2026-06-30T19:13:00,1500,credit,user134@okhdfc,success,quickmart247@oksbi
TXN962C841FACD9,2026-06-30T19:14:00,1000,credit,cust2@ybl,success,quickmart247@oksbi
TXN245AF1E0C3AF,2026-06-30T20:07:00,77.58,credit,cust307@ybl,success,quickmart247@oksbi
TXNEE02D0B9BB55,2026-06-30T20:18:00,51.68,credit,payer291@paytm,success,quickmart247@oksbi